filename,label,location,text_description
1.jpg,Abnormal_Tide,Kovalam Beach Kerala,Fishermen report unusual tidal activity near Kovalam Beach Kerala
2.jpg,High_Waves,Kolkata Coast,"Huge waves crashing near Kolkata Coast, boats overturned"
3.jpg,Flood,Chennai Marina,Flooding reported in low lying areas of Chennai Marina
4.jpg,no_hazard,Kanyakumari Beach,"Sunny weather at Kanyakumari Beach, peaceful situation"
5.jpg,no_hazard,Visakhapatnam,"Fishing boats operating safely at Visakhapatnam, no hazard reported"
6.jpg,Abnormal_Tide,Chennai Marina,Sea level behaving abnormally at Chennai Marina
7.jpg,Abnormal_Tide,Kovalam Beach Kerala,Sea level behaving abnormally at Kovalam Beach Kerala
8.jpg,no_hazard,Andaman Islands,"A calm evening at Andaman Islands, no hazard observed"
9.jpg,Abnormal_Tide,Diu Beach,Sudden drop and rise in tides noticed at Diu Beach
10.jpg,Flood,Visakhapatnam,Flooding reported in low lying areas of Visakhapatnam
11.jpg,no_hazard,Kochi Harbor,"Fishing boats operating safely at Kochi Harbor, no hazard reported"
12.jpg,High_Waves,Odisha Coast,"Huge waves crashing near Odisha Coast, boats overturned"
13.jpg,Tsunami,Kochi Harbor,People evacuating Kochi Harbor due to tsunami threat
14.jpg,Tsunami,Nagapattinam,Earthquake tremors followed by sea water rushing in at Nagapattinam
15.jpg,Storm_Surge,Kolkata Coast,Strong winds pushing seawater inland near Kolkata Coast
16.jpg,no_hazard,Visakhapatnam,"Sunny weather at Visakhapatnam, peaceful situation"
17.jpg,Storm_Surge,Lakshadweep Islands,"Dangerous storm surge observed at Lakshadweep Islands, authorities alerted"
18.jpg,Storm_Surge,Nicobar Islands,"Dangerous storm surge observed at Nicobar Islands, authorities alerted"
19.jpg,Tsunami,Lakshadweep Islands,People evacuating Lakshadweep Islands due to tsunami threat
20.jpg,Storm_Surge,Diu Beach,Waves reaching inland houses near Diu Beach due to cyclone surge
21.jpg,High_Waves,Mangalore Coast,"Strong waves hitting the shore at Mangalore Coast, people moving inland"
22.jpg,Tsunami,Lakshadweep Islands,People evacuating Lakshadweep Islands due to tsunami threat
23.jpg,High_Waves,Visakhapatnam,"Huge waves crashing near Visakhapatnam, boats overturned"
24.jpg,Tsunami,Kolkata Coast,"Sudden rise of sea water near Kolkata Coast, tsunami suspected"
25.jpg,Abnormal_Tide,Pondicherry Beach,Sea level behaving abnormally at Pondicherry Beach
26.jpg,High_Waves,Nicobar Islands,"Strong waves hitting the shore at Nicobar Islands, people moving inland"
27.jpg,Abnormal_Tide,Nagapattinam,Unusual tide patterns observed at Nagapattinam
28.jpg,High_Waves,Chennai Marina,"Strong waves hitting the shore at Chennai Marina, people moving inland"
29.jpg,Tsunami,Visakhapatnam,"Sudden rise of sea water near Visakhapatnam, tsunami suspected"
30.jpg,High_Waves,Tuticorin Coast,Unusually strong currents observed at Tuticorin Coast
31.jpg,Storm_Surge,Mangalore Coast,Strong winds pushing seawater inland near Mangalore Coast
32.jpg,Abnormal_Tide,Chennai Marina,Sea level behaving abnormally at Chennai Marina
33.jpg,no_hazard,Kochi Harbor,"Tourists enjoying the beach at Kochi Harbor, everything normal"
34.jpg,Storm_Surge,Andaman Islands,Waves reaching inland houses near Andaman Islands due to cyclone surge
35.jpg,no_hazard,Mangalore Coast,"Sunny weather at Mangalore Coast, peaceful situation"
36.jpg,Flood,Tuticorin Coast,Shops and houses submerged in water near Tuticorin Coast
37.jpg,Tsunami,Rameswaram Shore,Earthquake tremors followed by sea water rushing in at Rameswaram Shore
38.jpg,Flood,Puri Beach,Flooding reported in low lying areas of Puri Beach
39.jpg,no_hazard,Nicobar Islands,"A calm evening at Nicobar Islands, no hazard observed"
40.jpg,Storm_Surge,Tuticorin Coast,Strong winds pushing seawater inland near Tuticorin Coast
41.jpg,Storm_Surge,Goa Beach,"Cyclone impact causing storm surge at Goa Beach, water levels rising fast"
42.jpg,no_hazard,Diu Beach,"Sunny weather at Diu Beach, peaceful situation"
43.jpg,High_Waves,Odisha Coast,"Huge waves crashing near Odisha Coast, boats overturned"
44.jpg,Storm_Surge,Kanyakumari Beach,"Dangerous storm surge observed at Kanyakumari Beach, authorities alerted"
45.jpg,Storm_Surge,Odisha Coast,"Dangerous storm surge observed at Odisha Coast, authorities alerted"
46.jpg,Storm_Surge,Visakhapatnam,"Dangerous storm surge observed at Visakhapatnam, authorities alerted"
47.jpg,no_hazard,Marina beach Chennai,"A calm evening at Marina beach Chennai, no hazard observed"
48.jpg,Storm_Surge,Chennai Marina,"Cyclone impact causing storm surge at Chennai Marina, water levels rising fast"
49.jpg,Storm_Surge,Kolkata Coast,"Dangerous storm surge observed at Kolkata Coast, authorities alerted"
50.jpg,Storm_Surge,Kolkata Coast,Strong winds pushing seawater inland near Kolkata Coast
51.jpg,no_hazard,Marina beach Chennai,"Fishing boats operating safely at Marina beach Chennai, no hazard reported"
52.jpg,Abnormal_Tide,Diu Beach,Unusual tide patterns observed at Diu Beach
53.jpg,Storm_Surge,Goa Beach,Waves reaching inland houses near Goa Beach due to cyclone surge
54.jpg,no_hazard,Diu Beach,"Sunny weather at Diu Beach, peaceful situation"
55.jpg,Abnormal_Tide,Kochi Harbor,Sea level behaving abnormally at Kochi Harbor
56.jpg,no_hazard,Andaman Islands,"Fishing boats operating safely at Andaman Islands, no hazard reported"
57.jpg,no_hazard,Nagapattinam,"Sunny weather at Nagapattinam, peaceful situation"
58.jpg,no_hazard,Tuticorin Coast,"Fishing boats operating safely at Tuticorin Coast, no hazard reported"
59.jpg,Flood,Marina beach Chennai,Shops and houses submerged in water near Marina beach Chennai
60.jpg,Abnormal_Tide,Rameswaram Shore,Fishermen report unusual tidal activity near Rameswaram Shore
61.jpg,Tsunami,Rameswaram Shore,Tsunami warning issued after unusual waves at Rameswaram Shore
62.jpg,Abnormal_Tide,Nagapattinam,Unusual tide patterns observed at Nagapattinam
63.jpg,Tsunami,Diu Beach,People evacuating Diu Beach due to tsunami threat
64.jpg,no_hazard,Andaman Islands,"Tourists enjoying the beach at Andaman Islands, everything normal"
65.jpg,no_hazard,Tuticorin Coast,"Sunny weather at Tuticorin Coast, peaceful situation"
66.jpg,Tsunami,Mangalore Coast,People evacuating Mangalore Coast due to tsunami threat
67.jpg,Storm_Surge,Chennai Marina,"Cyclone impact causing storm surge at Chennai Marina, water levels rising fast"
68.jpg,Storm_Surge,Andaman Islands,Strong winds pushing seawater inland near Andaman Islands
69.jpg,High_Waves,Odisha Coast,Unusually strong currents observed at Odisha Coast
70.jpg,Flood,Pondicherry Beach,Seawater entered houses near Pondicherry Beach after heavy rainfall
71.jpg,no_hazard,Odisha Coast,"Tourists enjoying the beach at Odisha Coast, everything normal"
72.jpg,Flood,Lakshadweep Islands,Roads flooded around Lakshadweep Islands due to rising sea levels
73.jpg,Flood,Marina beach Chennai,Flooding reported in low lying areas of Marina beach Chennai
74.jpg,Flood,Chennai Marina,Shops and houses submerged in water near Chennai Marina
75.jpg,Abnormal_Tide,Kanyakumari Beach,Unusual tide patterns observed at Kanyakumari Beach
76.jpg,High_Waves,Andaman Islands,"Huge waves crashing near Andaman Islands, boats overturned"
77.jpg,Tsunami,Marina beach Chennai,"Sudden rise of sea water near Marina beach Chennai, tsunami suspected"
78.jpg,Flood,Chennai Marina,Flooding reported in low lying areas of Chennai Marina
79.jpg,no_hazard,Kovalam Beach Kerala,"Tourists enjoying the beach at Kovalam Beach Kerala, everything normal"
80.jpg,no_hazard,Kochi Harbor,"Sunny weather at Kochi Harbor, peaceful situation"
81.jpg,Flood,Rameswaram Shore,Seawater entered houses near Rameswaram Shore after heavy rainfall
82.jpg,Flood,Rameswaram Shore,Roads flooded around Rameswaram Shore due to rising sea levels
83.jpg,Flood,Andaman Islands,Seawater entered houses near Andaman Islands after heavy rainfall
84.jpg,Flood,Diu Beach,Shops and houses submerged in water near Diu Beach
85.jpg,High_Waves,Diu Beach,"Huge waves crashing near Diu Beach, boats overturned"
86.jpg,High_Waves,Visakhapatnam,"Huge waves crashing near Visakhapatnam, boats overturned"
87.jpg,High_Waves,Nicobar Islands,"Huge waves crashing near Nicobar Islands, boats overturned"
88.jpg,High_Waves,Tuticorin Coast,High tides making fishing risky at Tuticorin Coast
89.jpg,Tsunami,Marina beach Chennai,Tsunami warning issued after unusual waves at Marina beach Chennai
90.jpg,Tsunami,Nagapattinam,Tsunami warning issued after unusual waves at Nagapattinam
91.jpg,Storm_Surge,Visakhapatnam,Waves reaching inland houses near Visakhapatnam due to cyclone surge
92.jpg,Storm_Surge,Kochi Harbor,Waves reaching inland houses near Kochi Harbor due to cyclone surge
93.jpg,no_hazard,Visakhapatnam,"Fishing boats operating safely at Visakhapatnam, no hazard reported"
94.jpg,Tsunami,Chennai Marina,Earthquake tremors followed by sea water rushing in at Chennai Marina
95.jpg,no_hazard,Kovalam Beach Kerala,"Fishing boats operating safely at Kovalam Beach Kerala, no hazard reported"
96.jpg,Abnormal_Tide,Marina beach Chennai,Sea level behaving abnormally at Marina beach Chennai
97.jpg,Storm_Surge,Kochi Harbor,"Dangerous storm surge observed at Kochi Harbor, authorities alerted"
98.jpg,High_Waves,Kanyakumari Beach,"Strong waves hitting the shore at Kanyakumari Beach, people moving inland"
99.jpg,no_hazard,Goa Beach,"Sunny weather at Goa Beach, peaceful situation"
100.jpg,Flood,Visakhapatnam,Roads flooded around Visakhapatnam due to rising sea levels
101.jpg,Flood,Lakshadweep Islands,Roads flooded around Lakshadweep Islands due to rising sea levels
102.jpg,Storm_Surge,Diu Beach,Waves reaching inland houses near Diu Beach due to cyclone surge
103.jpg,no_hazard,Kochi Harbor,"Fishing boats operating safely at Kochi Harbor, no hazard reported"
104.jpg,Storm_Surge,Kolkata Coast,Waves reaching inland houses near Kolkata Coast due to cyclone surge
105.jpg,Tsunami,Goa Beach,"Sudden rise of sea water near Goa Beach, tsunami suspected"
106.jpg,Storm_Surge,Kolkata Coast,"Dangerous storm surge observed at Kolkata Coast, authorities alerted"
107.jpg,no_hazard,Kovalam Beach Kerala,"Sunny weather at Kovalam Beach Kerala, peaceful situation"
108.jpg,Flood,Kochi Harbor,Shops and houses submerged in water near Kochi Harbor
109.jpg,no_hazard,Lakshadweep Islands,"A calm evening at Lakshadweep Islands, no hazard observed"
110.jpg,High_Waves,Kolkata Coast,"Strong waves hitting the shore at Kolkata Coast, people moving inland"
111.jpg,no_hazard,Andaman Islands,"A calm evening at Andaman Islands, no hazard observed"
112.jpg,Tsunami,Odisha Coast,"Sudden rise of sea water near Odisha Coast, tsunami suspected"
113.jpg,Storm_Surge,Mumbai Coast,Strong winds pushing seawater inland near Mumbai Coast
114.jpg,Tsunami,Nagapattinam,"Sudden rise of sea water near Nagapattinam, tsunami suspected"
115.jpg,no_hazard,Kanyakumari Beach,"Tourists enjoying the beach at Kanyakumari Beach, everything normal"
116.jpg,Storm_Surge,Visakhapatnam,"Dangerous storm surge observed at Visakhapatnam, authorities alerted"
117.jpg,High_Waves,Rameswaram Shore,Unusually strong currents observed at Rameswaram Shore
118.jpg,High_Waves,Mumbai Coast,High tides making fishing risky at Mumbai Coast
119.jpg,Abnormal_Tide,Odisha Coast,Sudden drop and rise in tides noticed at Odisha Coast
120.jpg,Abnormal_Tide,Marina beach Chennai,Fishermen report unusual tidal activity near Marina beach Chennai
121.jpg,Abnormal_Tide,Kolkata Coast,Unusual tide patterns observed at Kolkata Coast
122.jpg,Tsunami,Diu Beach,Tsunami warning issued after unusual waves at Diu Beach
123.jpg,Tsunami,Kochi Harbor,Earthquake tremors followed by sea water rushing in at Kochi Harbor
124.jpg,Abnormal_Tide,Odisha Coast,Unusual tide patterns observed at Odisha Coast
125.jpg,Storm_Surge,Tuticorin Coast,"Dangerous storm surge observed at Tuticorin Coast, authorities alerted"
126.jpg,no_hazard,Kolkata Coast,"A calm evening at Kolkata Coast, no hazard observed"
127.jpg,no_hazard,Visakhapatnam,"Fishing boats operating safely at Visakhapatnam, no hazard reported"
128.jpg,Flood,Mangalore Coast,Flooding reported in low lying areas of Mangalore Coast
129.jpg,Flood,Odisha Coast,Roads flooded around Odisha Coast due to rising sea levels
130.jpg,Storm_Surge,Visakhapatnam,"Cyclone impact causing storm surge at Visakhapatnam, water levels rising fast"
131.jpg,Tsunami,Rameswaram Shore,"Sudden rise of sea water near Rameswaram Shore, tsunami suspected"
132.jpg,Tsunami,Andaman Islands,Earthquake tremors followed by sea water rushing in at Andaman Islands
133.jpg,Storm_Surge,Nagapattinam,"Cyclone impact causing storm surge at Nagapattinam, water levels rising fast"
134.jpg,Abnormal_Tide,Mangalore Coast,Sea level behaving abnormally at Mangalore Coast
135.jpg,Storm_Surge,Mumbai Coast,Waves reaching inland houses near Mumbai Coast due to cyclone surge
136.jpg,Storm_Surge,Chennai Marina,Strong winds pushing seawater inland near Chennai Marina
137.jpg,High_Waves,Nagapattinam,"Strong waves hitting the shore at Nagapattinam, people moving inland"
138.jpg,Abnormal_Tide,Diu Beach,Sudden drop and rise in tides noticed at Diu Beach
139.jpg,Abnormal_Tide,Kolkata Coast,Sea level behaving abnormally at Kolkata Coast
140.jpg,no_hazard,Kochi Harbor,"Sunny weather at Kochi Harbor, peaceful situation"
141.jpg,no_hazard,Odisha Coast,"A calm evening at Odisha Coast, no hazard observed"
142.jpg,Tsunami,Odisha Coast,People evacuating Odisha Coast due to tsunami threat
143.jpg,Flood,Chennai Marina,Flooding reported in low lying areas of Chennai Marina
144.jpg,Tsunami,Andaman Islands,Tsunami warning issued after unusual waves at Andaman Islands
145.jpg,Storm_Surge,Goa Beach,Strong winds pushing seawater inland near Goa Beach
146.jpg,Abnormal_Tide,Kochi Harbor,Fishermen report unusual tidal activity near Kochi Harbor
147.jpg,High_Waves,Puri Beach,Unusually strong currents observed at Puri Beach
148.jpg,no_hazard,Rameswaram Shore,"Tourists enjoying the beach at Rameswaram Shore, everything normal"
149.jpg,no_hazard,Goa Beach,"Fishing boats operating safely at Goa Beach, no hazard reported"
150.jpg,Abnormal_Tide,Rameswaram Shore,Sea level behaving abnormally at Rameswaram Shore
151.jpg,Storm_Surge,Marina beach Chennai,Waves reaching inland houses near Marina beach Chennai due to cyclone surge
152.jpg,Tsunami,Kanyakumari Beach,"Sudden rise of sea water near Kanyakumari Beach, tsunami suspected"
153.jpg,Abnormal_Tide,Nicobar Islands,Sudden drop and rise in tides noticed at Nicobar Islands
154.jpg,Tsunami,Chennai Marina,Earthquake tremors followed by sea water rushing in at Chennai Marina
155.jpg,Tsunami,Mangalore Coast,"Sudden rise of sea water near Mangalore Coast, tsunami suspected"
156.jpg,Abnormal_Tide,Goa Beach,Unusual tide patterns observed at Goa Beach
157.jpg,Storm_Surge,Lakshadweep Islands,"Dangerous storm surge observed at Lakshadweep Islands, authorities alerted"
158.jpg,no_hazard,Mumbai Coast,"Tourists enjoying the beach at Mumbai Coast, everything normal"
159.jpg,High_Waves,Kanyakumari Beach,"Strong waves hitting the shore at Kanyakumari Beach, people moving inland"
160.jpg,Tsunami,Kolkata Coast,People evacuating Kolkata Coast due to tsunami threat
161.jpg,no_hazard,Kolkata Coast,"Fishing boats operating safely at Kolkata Coast, no hazard reported"
162.jpg,Flood,Mumbai Coast,Flooding reported in low lying areas of Mumbai Coast
163.jpg,Storm_Surge,Lakshadweep Islands,"Cyclone impact causing storm surge at Lakshadweep Islands, water levels rising fast"
164.jpg,no_hazard,Andaman Islands,"A calm evening at Andaman Islands, no hazard observed"
165.jpg,Flood,Mumbai Coast,Shops and houses submerged in water near Mumbai Coast
166.jpg,no_hazard,Marina beach Chennai,"Tourists enjoying the beach at Marina beach Chennai, everything normal"
167.jpg,Tsunami,Lakshadweep Islands,People evacuating Lakshadweep Islands due to tsunami threat
168.jpg,Storm_Surge,Kolkata Coast,Strong winds pushing seawater inland near Kolkata Coast
169.jpg,Tsunami,Kanyakumari Beach,Tsunami warning issued after unusual waves at Kanyakumari Beach
170.jpg,Tsunami,Chennai Marina,Tsunami warning issued after unusual waves at Chennai Marina
171.jpg,Storm_Surge,Lakshadweep Islands,Waves reaching inland houses near Lakshadweep Islands due to cyclone surge
172.jpg,High_Waves,Marina beach Chennai,"Strong waves hitting the shore at Marina beach Chennai, people moving inland"
173.jpg,Abnormal_Tide,Nicobar Islands,Fishermen report unusual tidal activity near Nicobar Islands
174.jpg,High_Waves,Kochi Harbor,"Strong waves hitting the shore at Kochi Harbor, people moving inland"
175.jpg,High_Waves,Kanyakumari Beach,"Strong waves hitting the shore at Kanyakumari Beach, people moving inland"
176.jpg,Storm_Surge,Tuticorin Coast,Strong winds pushing seawater inland near Tuticorin Coast
177.jpg,no_hazard,Kolkata Coast,"Tourists enjoying the beach at Kolkata Coast, everything normal"
178.jpg,Storm_Surge,Nicobar Islands,"Dangerous storm surge observed at Nicobar Islands, authorities alerted"
179.jpg,Abnormal_Tide,Lakshadweep Islands,Fishermen report unusual tidal activity near Lakshadweep Islands
180.jpg,no_hazard,Kochi Harbor,"Sunny weather at Kochi Harbor, peaceful situation"
181.jpg,Tsunami,Kochi Harbor,Tsunami warning issued after unusual waves at Kochi Harbor
182.jpg,Flood,Marina beach Chennai,Shops and houses submerged in water near Marina beach Chennai
183.jpg,High_Waves,Pondicherry Beach,High tides making fishing risky at Pondicherry Beach
184.jpg,Flood,Lakshadweep Islands,Shops and houses submerged in water near Lakshadweep Islands
185.jpg,Tsunami,Tuticorin Coast,Earthquake tremors followed by sea water rushing in at Tuticorin Coast
186.jpg,no_hazard,Odisha Coast,"Sunny weather at Odisha Coast, peaceful situation"
187.jpg,High_Waves,Rameswaram Shore,Unusually strong currents observed at Rameswaram Shore
188.jpg,Abnormal_Tide,Kolkata Coast,Unusual tide patterns observed at Kolkata Coast
189.jpg,no_hazard,Andaman Islands,"Fishing boats operating safely at Andaman Islands, no hazard reported"
190.jpg,no_hazard,Puri Beach,"Fishing boats operating safely at Puri Beach, no hazard reported"
191.jpg,Abnormal_Tide,Nagapattinam,Sudden drop and rise in tides noticed at Nagapattinam
192.jpg,Flood,Tuticorin Coast,Seawater entered houses near Tuticorin Coast after heavy rainfall
193.jpg,Abnormal_Tide,Kovalam Beach Kerala,Sudden drop and rise in tides noticed at Kovalam Beach Kerala
194.jpg,Abnormal_Tide,Visakhapatnam,Fishermen report unusual tidal activity near Visakhapatnam
195.jpg,Flood,Chennai Marina,Roads flooded around Chennai Marina due to rising sea levels
196.jpg,Storm_Surge,Tuticorin Coast,"Dangerous storm surge observed at Tuticorin Coast, authorities alerted"
197.jpg,Flood,Rameswaram Shore,Shops and houses submerged in water near Rameswaram Shore
198.jpg,Abnormal_Tide,Pondicherry Beach,Sudden drop and rise in tides noticed at Pondicherry Beach
199.jpg,Abnormal_Tide,Kochi Harbor,Sudden drop and rise in tides noticed at Kochi Harbor
200.jpg,Storm_Surge,Mumbai Coast,"Dangerous storm surge observed at Mumbai Coast, authorities alerted"
201.jpg,High_Waves,Visakhapatnam,High tides making fishing risky at Visakhapatnam
202.jpg,Flood,Mumbai Coast,Roads flooded around Mumbai Coast due to rising sea levels
203.jpg,High_Waves,Lakshadweep Islands,Unusually strong currents observed at Lakshadweep Islands
204.jpg,Flood,Andaman Islands,Flooding reported in low lying areas of Andaman Islands
205.jpg,Abnormal_Tide,Puri Beach,Unusual tide patterns observed at Puri Beach
206.jpg,Flood,Mumbai Coast,Roads flooded around Mumbai Coast due to rising sea levels
207.jpg,Tsunami,Rameswaram Shore,"Sudden rise of sea water near Rameswaram Shore, tsunami suspected"
208.jpg,Storm_Surge,Odisha Coast,"Cyclone impact causing storm surge at Odisha Coast, water levels rising fast"
209.jpg,Storm_Surge,Mumbai Coast,Strong winds pushing seawater inland near Mumbai Coast
210.jpg,no_hazard,Tuticorin Coast,"A calm evening at Tuticorin Coast, no hazard observed"
211.jpg,High_Waves,Odisha Coast,Unusually strong currents observed at Odisha Coast
212.jpg,Abnormal_Tide,Kanyakumari Beach,Sudden drop and rise in tides noticed at Kanyakumari Beach
213.jpg,no_hazard,Andaman Islands,"A calm evening at Andaman Islands, no hazard observed"
214.jpg,no_hazard,Lakshadweep Islands,"A calm evening at Lakshadweep Islands, no hazard observed"
215.jpg,High_Waves,Pondicherry Beach,"Huge waves crashing near Pondicherry Beach, boats overturned"
216.jpg,Storm_Surge,Marina beach Chennai,Waves reaching inland houses near Marina beach Chennai due to cyclone surge
217.jpg,no_hazard,Mangalore Coast,"Tourists enjoying the beach at Mangalore Coast, everything normal"
218.jpg,High_Waves,Kanyakumari Beach,"Strong waves hitting the shore at Kanyakumari Beach, people moving inland"
219.jpg,Tsunami,Mangalore Coast,Tsunami warning issued after unusual waves at Mangalore Coast
220.jpg,no_hazard,Andaman Islands,"Fishing boats operating safely at Andaman Islands, no hazard reported"
221.jpg,Tsunami,Tuticorin Coast,Tsunami warning issued after unusual waves at Tuticorin Coast
222.jpg,no_hazard,Tuticorin Coast,"Sunny weather at Tuticorin Coast, peaceful situation"
223.jpg,High_Waves,Kolkata Coast,Unusually strong currents observed at Kolkata Coast
224.jpg,Tsunami,Nicobar Islands,"Sudden rise of sea water near Nicobar Islands, tsunami suspected"
225.jpg,Storm_Surge,Lakshadweep Islands,Strong winds pushing seawater inland near Lakshadweep Islands
226.jpg,Storm_Surge,Visakhapatnam,Strong winds pushing seawater inland near Visakhapatnam
227.jpg,no_hazard,Kochi Harbor,"Fishing boats operating safely at Kochi Harbor, no hazard reported"
228.jpg,Abnormal_Tide,Kolkata Coast,Sudden drop and rise in tides noticed at Kolkata Coast
229.jpg,no_hazard,Kolkata Coast,"Sunny weather at Kolkata Coast, peaceful situation"
230.jpg,Abnormal_Tide,Puri Beach,Fishermen report unusual tidal activity near Puri Beach
231.jpg,Flood,Mumbai Coast,Shops and houses submerged in water near Mumbai Coast
232.jpg,Tsunami,Visakhapatnam,"Sudden rise of sea water near Visakhapatnam, tsunami suspected"
233.jpg,Tsunami,Marina beach Chennai,People evacuating Marina beach Chennai due to tsunami threat
234.jpg,High_Waves,Mangalore Coast,"Huge waves crashing near Mangalore Coast, boats overturned"
235.jpg,Tsunami,Marina beach Chennai,People evacuating Marina beach Chennai due to tsunami threat
236.jpg,Tsunami,Odisha Coast,Earthquake tremors followed by sea water rushing in at Odisha Coast
237.jpg,Abnormal_Tide,Puri Beach,Sudden drop and rise in tides noticed at Puri Beach
238.jpg,High_Waves,Rameswaram Shore,"Huge waves crashing near Rameswaram Shore, boats overturned"
239.jpg,Tsunami,Chennai Marina,"Sudden rise of sea water near Chennai Marina, tsunami suspected"
240.jpg,High_Waves,Andaman Islands,"Strong waves hitting the shore at Andaman Islands, people moving inland"
241.jpg,Abnormal_Tide,Lakshadweep Islands,Fishermen report unusual tidal activity near Lakshadweep Islands
242.jpg,High_Waves,Chennai Marina,"Strong waves hitting the shore at Chennai Marina, people moving inland"
243.jpg,Storm_Surge,Nagapattinam,"Cyclone impact causing storm surge at Nagapattinam, water levels rising fast"
244.jpg,Tsunami,Kochi Harbor,Tsunami warning issued after unusual waves at Kochi Harbor
245.jpg,Flood,Visakhapatnam,Flooding reported in low lying areas of Visakhapatnam
246.jpg,Storm_Surge,Kovalam Beach Kerala,Waves reaching inland houses near Kovalam Beach Kerala due to cyclone surge
247.jpg,Abnormal_Tide,Puri Beach,Sudden drop and rise in tides noticed at Puri Beach
248.jpg,no_hazard,Mangalore Coast,"Sunny weather at Mangalore Coast, peaceful situation"
249.jpg,no_hazard,Lakshadweep Islands,"A calm evening at Lakshadweep Islands, no hazard observed"
250.jpg,Abnormal_Tide,Kochi Harbor,Sea level behaving abnormally at Kochi Harbor
251.jpg,no_hazard,Chennai Marina,"Tourists enjoying the beach at Chennai Marina, everything normal"
252.jpg,Tsunami,Kolkata Coast,People evacuating Kolkata Coast due to tsunami threat
253.jpg,no_hazard,Kovalam Beach Kerala,"A calm evening at Kovalam Beach Kerala, no hazard observed"
254.jpg,Abnormal_Tide,Goa Beach,Sea level behaving abnormally at Goa Beach
255.jpg,Tsunami,Kanyakumari Beach,Tsunami warning issued after unusual waves at Kanyakumari Beach
256.jpg,Storm_Surge,Tuticorin Coast,"Cyclone impact causing storm surge at Tuticorin Coast, water levels rising fast"
257.jpg,High_Waves,Nagapattinam,Unusually strong currents observed at Nagapattinam
258.jpg,Tsunami,Mumbai Coast,Tsunami warning issued after unusual waves at Mumbai Coast
259.jpg,no_hazard,Nagapattinam,"Sunny weather at Nagapattinam, peaceful situation"
260.jpg,Abnormal_Tide,Goa Beach,Sea level behaving abnormally at Goa Beach
261.jpg,High_Waves,Lakshadweep Islands,High tides making fishing risky at Lakshadweep Islands
262.jpg,Abnormal_Tide,Nicobar Islands,Fishermen report unusual tidal activity near Nicobar Islands
263.jpg,High_Waves,Marina beach Chennai,Unusually strong currents observed at Marina beach Chennai
264.jpg,High_Waves,Chennai Marina,"Strong waves hitting the shore at Chennai Marina, people moving inland"
265.jpg,no_hazard,Kovalam Beach Kerala,"Fishing boats operating safely at Kovalam Beach Kerala, no hazard reported"
266.jpg,Flood,Odisha Coast,Shops and houses submerged in water near Odisha Coast
267.jpg,Tsunami,Pondicherry Beach,"Sudden rise of sea water near Pondicherry Beach, tsunami suspected"
268.jpg,Abnormal_Tide,Puri Beach,Unusual tide patterns observed at Puri Beach
269.jpg,Storm_Surge,Rameswaram Shore,Waves reaching inland houses near Rameswaram Shore due to cyclone surge
270.jpg,no_hazard,Chennai Marina,"Sunny weather at Chennai Marina, peaceful situation"
271.jpg,Flood,Kovalam Beach Kerala,Seawater entered houses near Kovalam Beach Kerala after heavy rainfall
272.jpg,Flood,Diu Beach,Flooding reported in low lying areas of Diu Beach
273.jpg,Tsunami,Goa Beach,Tsunami warning issued after unusual waves at Goa Beach
274.jpg,no_hazard,Odisha Coast,"Tourists enjoying the beach at Odisha Coast, everything normal"
275.jpg,Storm_Surge,Kovalam Beach Kerala,Waves reaching inland houses near Kovalam Beach Kerala due to cyclone surge
276.jpg,Storm_Surge,Visakhapatnam,Strong winds pushing seawater inland near Visakhapatnam
277.jpg,Tsunami,Nicobar Islands,Tsunami warning issued after unusual waves at Nicobar Islands
278.jpg,High_Waves,Nicobar Islands,High tides making fishing risky at Nicobar Islands
279.jpg,Abnormal_Tide,Kolkata Coast,Fishermen report unusual tidal activity near Kolkata Coast
280.jpg,no_hazard,Goa Beach,"A calm evening at Goa Beach, no hazard observed"
281.jpg,High_Waves,Diu Beach,Unusually strong currents observed at Diu Beach
282.jpg,High_Waves,Mangalore Coast,"Strong waves hitting the shore at Mangalore Coast, people moving inland"
283.jpg,Storm_Surge,Andaman Islands,Waves reaching inland houses near Andaman Islands due to cyclone surge
284.jpg,no_hazard,Kolkata Coast,"A calm evening at Kolkata Coast, no hazard observed"
285.jpg,Flood,Lakshadweep Islands,Roads flooded around Lakshadweep Islands due to rising sea levels
286.jpg,Tsunami,Mumbai Coast,People evacuating Mumbai Coast due to tsunami threat
287.jpg,Tsunami,Andaman Islands,Earthquake tremors followed by sea water rushing in at Andaman Islands
288.jpg,no_hazard,Marina beach Chennai,"Sunny weather at Marina beach Chennai, peaceful situation"
289.jpg,Storm_Surge,Diu Beach,Waves reaching inland houses near Diu Beach due to cyclone surge
290.jpg,Abnormal_Tide,Mangalore Coast,Sea level behaving abnormally at Mangalore Coast
291.jpg,Storm_Surge,Kolkata Coast,Waves reaching inland houses near Kolkata Coast due to cyclone surge
292.jpg,Storm_Surge,Odisha Coast,"Dangerous storm surge observed at Odisha Coast, authorities alerted"
293.jpg,Storm_Surge,Pondicherry Beach,"Cyclone impact causing storm surge at Pondicherry Beach, water levels rising fast"
294.jpg,Storm_Surge,Goa Beach,Strong winds pushing seawater inland near Goa Beach
295.jpg,no_hazard,Mumbai Coast,"Sunny weather at Mumbai Coast, peaceful situation"
296.jpg,Storm_Surge,Tuticorin Coast,"Dangerous storm surge observed at Tuticorin Coast, authorities alerted"
297.jpg,Tsunami,Kolkata Coast,Earthquake tremors followed by sea water rushing in at Kolkata Coast
298.jpg,High_Waves,Rameswaram Shore,Unusually strong currents observed at Rameswaram Shore
299.jpg,High_Waves,Chennai Marina,"Huge waves crashing near Chennai Marina, boats overturned"
300.jpg,Tsunami,Tuticorin Coast,Tsunami warning issued after unusual waves at Tuticorin Coast
301.jpg,Flood,Chennai Marina,Shops and houses submerged in water near Chennai Marina
302.jpg,Tsunami,Kolkata Coast,Tsunami warning issued after unusual waves at Kolkata Coast
303.jpg,Tsunami,Kanyakumari Beach,People evacuating Kanyakumari Beach due to tsunami threat
304.jpg,Storm_Surge,Tuticorin Coast,Waves reaching inland houses near Tuticorin Coast due to cyclone surge
305.jpg,no_hazard,Tuticorin Coast,"Tourists enjoying the beach at Tuticorin Coast, everything normal"
306.jpg,no_hazard,Visakhapatnam,"Fishing boats operating safely at Visakhapatnam, no hazard reported"
307.jpg,Storm_Surge,Lakshadweep Islands,"Cyclone impact causing storm surge at Lakshadweep Islands, water levels rising fast"
308.jpg,no_hazard,Mumbai Coast,"A calm evening at Mumbai Coast, no hazard observed"
309.jpg,High_Waves,Tuticorin Coast,High tides making fishing risky at Tuticorin Coast
310.jpg,no_hazard,Mangalore Coast,"A calm evening at Mangalore Coast, no hazard observed"
311.jpg,High_Waves,Goa Beach,"Huge waves crashing near Goa Beach, boats overturned"
312.jpg,Storm_Surge,Kolkata Coast,Waves reaching inland houses near Kolkata Coast due to cyclone surge
313.jpg,Tsunami,Mangalore Coast,People evacuating Mangalore Coast due to tsunami threat
314.jpg,Tsunami,Mangalore Coast,People evacuating Mangalore Coast due to tsunami threat
315.jpg,High_Waves,Tuticorin Coast,Unusually strong currents observed at Tuticorin Coast
316.jpg,Abnormal_Tide,Puri Beach,Sea level behaving abnormally at Puri Beach
317.jpg,Storm_Surge,Goa Beach,"Cyclone impact causing storm surge at Goa Beach, water levels rising fast"
318.jpg,no_hazard,Mangalore Coast,"Sunny weather at Mangalore Coast, peaceful situation"
319.jpg,Abnormal_Tide,Kochi Harbor,Sudden drop and rise in tides noticed at Kochi Harbor
320.jpg,Flood,Andaman Islands,Shops and houses submerged in water near Andaman Islands
321.jpg,High_Waves,Kolkata Coast,"Huge waves crashing near Kolkata Coast, boats overturned"
322.jpg,Abnormal_Tide,Visakhapatnam,Sea level behaving abnormally at Visakhapatnam
323.jpg,High_Waves,Tuticorin Coast,Unusually strong currents observed at Tuticorin Coast
324.jpg,High_Waves,Nagapattinam,Unusually strong currents observed at Nagapattinam
325.jpg,Abnormal_Tide,Chennai Marina,Fishermen report unusual tidal activity near Chennai Marina
326.jpg,High_Waves,Diu Beach,"Strong waves hitting the shore at Diu Beach, people moving inland"
327.jpg,no_hazard,Marina beach Chennai,"Tourists enjoying the beach at Marina beach Chennai, everything normal"
328.jpg,no_hazard,Pondicherry Beach,"Sunny weather at Pondicherry Beach, peaceful situation"
329.jpg,Flood,Lakshadweep Islands,Shops and houses submerged in water near Lakshadweep Islands
330.jpg,Flood,Visakhapatnam,Roads flooded around Visakhapatnam due to rising sea levels
331.jpg,Tsunami,Diu Beach,Tsunami warning issued after unusual waves at Diu Beach
332.jpg,Storm_Surge,Diu Beach,Strong winds pushing seawater inland near Diu Beach
333.jpg,Tsunami,Kochi Harbor,People evacuating Kochi Harbor due to tsunami threat
334.jpg,Storm_Surge,Andaman Islands,"Dangerous storm surge observed at Andaman Islands, authorities alerted"
335.jpg,Storm_Surge,Kolkata Coast,Waves reaching inland houses near Kolkata Coast due to cyclone surge
336.jpg,Storm_Surge,Pondicherry Beach,Strong winds pushing seawater inland near Pondicherry Beach
337.jpg,Flood,Pondicherry Beach,Roads flooded around Pondicherry Beach due to rising sea levels
338.jpg,Storm_Surge,Goa Beach,"Dangerous storm surge observed at Goa Beach, authorities alerted"
339.jpg,Storm_Surge,Diu Beach,Strong winds pushing seawater inland near Diu Beach
340.jpg,High_Waves,Odisha Coast,"Huge waves crashing near Odisha Coast, boats overturned"
341.jpg,Flood,Diu Beach,Shops and houses submerged in water near Diu Beach
342.jpg,High_Waves,Kovalam Beach Kerala,"Strong waves hitting the shore at Kovalam Beach Kerala, people moving inland"
343.jpg,Storm_Surge,Kolkata Coast,Strong winds pushing seawater inland near Kolkata Coast
344.jpg,High_Waves,Diu Beach,"Huge waves crashing near Diu Beach, boats overturned"
345.jpg,Tsunami,Odisha Coast,"Sudden rise of sea water near Odisha Coast, tsunami suspected"
346.jpg,High_Waves,Mangalore Coast,Unusually strong currents observed at Mangalore Coast
347.jpg,Storm_Surge,Nicobar Islands,"Dangerous storm surge observed at Nicobar Islands, authorities alerted"
348.jpg,High_Waves,Puri Beach,High tides making fishing risky at Puri Beach
349.jpg,Abnormal_Tide,Tuticorin Coast,Unusual tide patterns observed at Tuticorin Coast
350.jpg,Tsunami,Goa Beach,"Sudden rise of sea water near Goa Beach, tsunami suspected"
351.jpg,no_hazard,Andaman Islands,"Tourists enjoying the beach at Andaman Islands, everything normal"
352.jpg,Storm_Surge,Pondicherry Beach,"Cyclone impact causing storm surge at Pondicherry Beach, water levels rising fast"
353.jpg,Flood,Puri Beach,Roads flooded around Puri Beach due to rising sea levels
354.jpg,Tsunami,Puri Beach,Earthquake tremors followed by sea water rushing in at Puri Beach
355.jpg,Storm_Surge,Diu Beach,"Dangerous storm surge observed at Diu Beach, authorities alerted"
356.jpg,Abnormal_Tide,Lakshadweep Islands,Unusual tide patterns observed at Lakshadweep Islands
357.jpg,Abnormal_Tide,Puri Beach,Fishermen report unusual tidal activity near Puri Beach
358.jpg,Tsunami,Nicobar Islands,Tsunami warning issued after unusual waves at Nicobar Islands
359.jpg,High_Waves,Kochi Harbor,High tides making fishing risky at Kochi Harbor
360.jpg,High_Waves,Nagapattinam,"Huge waves crashing near Nagapattinam, boats overturned"
361.jpg,no_hazard,Diu Beach,"A calm evening at Diu Beach, no hazard observed"
362.jpg,Flood,Puri Beach,Roads flooded around Puri Beach due to rising sea levels
363.jpg,Abnormal_Tide,Marina beach Chennai,Unusual tide patterns observed at Marina beach Chennai
364.jpg,Storm_Surge,Puri Beach,Strong winds pushing seawater inland near Puri Beach
365.jpg,Flood,Pondicherry Beach,Seawater entered houses near Pondicherry Beach after heavy rainfall
366.jpg,no_hazard,Chennai Marina,"Sunny weather at Chennai Marina, peaceful situation"
367.jpg,Tsunami,Pondicherry Beach,Tsunami warning issued after unusual waves at Pondicherry Beach
368.jpg,Storm_Surge,Pondicherry Beach,"Dangerous storm surge observed at Pondicherry Beach, authorities alerted"
369.jpg,High_Waves,Lakshadweep Islands,"Strong waves hitting the shore at Lakshadweep Islands, people moving inland"
370.jpg,Abnormal_Tide,Goa Beach,Sea level behaving abnormally at Goa Beach
371.jpg,Abnormal_Tide,Kolkata Coast,Sudden drop and rise in tides noticed at Kolkata Coast
372.jpg,no_hazard,Pondicherry Beach,"A calm evening at Pondicherry Beach, no hazard observed"
373.jpg,no_hazard,Mumbai Coast,"Tourists enjoying the beach at Mumbai Coast, everything normal"
374.jpg,Flood,Mumbai Coast,Seawater entered houses near Mumbai Coast after heavy rainfall
375.jpg,Tsunami,Marina beach Chennai,"Sudden rise of sea water near Marina beach Chennai, tsunami suspected"
376.jpg,Tsunami,Kovalam Beach Kerala,Earthquake tremors followed by sea water rushing in at Kovalam Beach Kerala
377.jpg,Flood,Kochi Harbor,Shops and houses submerged in water near Kochi Harbor
378.jpg,Abnormal_Tide,Odisha Coast,Sudden drop and rise in tides noticed at Odisha Coast
379.jpg,Tsunami,Mumbai Coast,"Sudden rise of sea water near Mumbai Coast, tsunami suspected"
380.jpg,Tsunami,Puri Beach,Earthquake tremors followed by sea water rushing in at Puri Beach
381.jpg,Tsunami,Mumbai Coast,Earthquake tremors followed by sea water rushing in at Mumbai Coast
382.jpg,Storm_Surge,Kovalam Beach Kerala,"Dangerous storm surge observed at Kovalam Beach Kerala, authorities alerted"
383.jpg,Storm_Surge,Kovalam Beach Kerala,Strong winds pushing seawater inland near Kovalam Beach Kerala
384.jpg,Flood,Rameswaram Shore,Seawater entered houses near Rameswaram Shore after heavy rainfall
385.jpg,no_hazard,Mumbai Coast,"Tourists enjoying the beach at Mumbai Coast, everything normal"
386.jpg,no_hazard,Kanyakumari Beach,"Tourists enjoying the beach at Kanyakumari Beach, everything normal"
387.jpg,Tsunami,Mumbai Coast,"Sudden rise of sea water near Mumbai Coast, tsunami suspected"
388.jpg,Storm_Surge,Marina beach Chennai,"Dangerous storm surge observed at Marina beach Chennai, authorities alerted"
389.jpg,Flood,Visakhapatnam,Seawater entered houses near Visakhapatnam after heavy rainfall
390.jpg,Abnormal_Tide,Odisha Coast,Sudden drop and rise in tides noticed at Odisha Coast
391.jpg,High_Waves,Pondicherry Beach,"Huge waves crashing near Pondicherry Beach, boats overturned"
392.jpg,Storm_Surge,Nagapattinam,Waves reaching inland houses near Nagapattinam due to cyclone surge
393.jpg,Flood,Rameswaram Shore,Seawater entered houses near Rameswaram Shore after heavy rainfall
394.jpg,Abnormal_Tide,Pondicherry Beach,Sudden drop and rise in tides noticed at Pondicherry Beach
395.jpg,Abnormal_Tide,Kochi Harbor,Fishermen report unusual tidal activity near Kochi Harbor
396.jpg,Flood,Tuticorin Coast,Seawater entered houses near Tuticorin Coast after heavy rainfall
397.jpg,Storm_Surge,Rameswaram Shore,Waves reaching inland houses near Rameswaram Shore due to cyclone surge
398.jpg,Tsunami,Kanyakumari Beach,People evacuating Kanyakumari Beach due to tsunami threat
399.jpg,Tsunami,Marina beach Chennai,Earthquake tremors followed by sea water rushing in at Marina beach Chennai
400.jpg,no_hazard,Mangalore Coast,"Tourists enjoying the beach at Mangalore Coast, everything normal"
401.jpg,Abnormal_Tide,Lakshadweep Islands,Unusual tide patterns observed at Lakshadweep Islands
402.jpg,no_hazard,Chennai Marina,"Tourists enjoying the beach at Chennai Marina, everything normal"
403.jpg,Abnormal_Tide,Mangalore Coast,Sea level behaving abnormally at Mangalore Coast
404.jpg,Abnormal_Tide,Goa Beach,Unusual tide patterns observed at Goa Beach
405.jpg,Storm_Surge,Chennai Marina,"Dangerous storm surge observed at Chennai Marina, authorities alerted"
406.jpg,no_hazard,Kolkata Coast,"Fishing boats operating safely at Kolkata Coast, no hazard reported"
407.jpg,High_Waves,Marina beach Chennai,High tides making fishing risky at Marina beach Chennai
408.jpg,Tsunami,Kochi Harbor,People evacuating Kochi Harbor due to tsunami threat
409.jpg,Abnormal_Tide,Pondicherry Beach,Sudden drop and rise in tides noticed at Pondicherry Beach
410.jpg,High_Waves,Nicobar Islands,Unusually strong currents observed at Nicobar Islands
411.jpg,Storm_Surge,Lakshadweep Islands,"Cyclone impact causing storm surge at Lakshadweep Islands, water levels rising fast"
412.jpg,High_Waves,Diu Beach,Unusually strong currents observed at Diu Beach
413.jpg,Flood,Rameswaram Shore,Seawater entered houses near Rameswaram Shore after heavy rainfall
414.jpg,Flood,Puri Beach,Shops and houses submerged in water near Puri Beach
415.jpg,Storm_Surge,Chennai Marina,"Dangerous storm surge observed at Chennai Marina, authorities alerted"
416.jpg,High_Waves,Goa Beach,Unusually strong currents observed at Goa Beach
417.jpg,no_hazard,Tuticorin Coast,"Tourists enjoying the beach at Tuticorin Coast, everything normal"
418.jpg,Tsunami,Mumbai Coast,Tsunami warning issued after unusual waves at Mumbai Coast
419.jpg,Storm_Surge,Odisha Coast,Waves reaching inland houses near Odisha Coast due to cyclone surge
420.jpg,Abnormal_Tide,Mangalore Coast,Sudden drop and rise in tides noticed at Mangalore Coast
421.jpg,Tsunami,Mumbai Coast,"Sudden rise of sea water near Mumbai Coast, tsunami suspected"
422.jpg,no_hazard,Mumbai Coast,"Sunny weather at Mumbai Coast, peaceful situation"
423.jpg,High_Waves,Nagapattinam,"Strong waves hitting the shore at Nagapattinam, people moving inland"
424.jpg,Tsunami,Marina beach Chennai,Earthquake tremors followed by sea water rushing in at Marina beach Chennai
425.jpg,no_hazard,Lakshadweep Islands,"Tourists enjoying the beach at Lakshadweep Islands, everything normal"
426.jpg,High_Waves,Visakhapatnam,High tides making fishing risky at Visakhapatnam
427.jpg,Storm_Surge,Puri Beach,"Cyclone impact causing storm surge at Puri Beach, water levels rising fast"
428.jpg,Storm_Surge,Tuticorin Coast,"Cyclone impact causing storm surge at Tuticorin Coast, water levels rising fast"
429.jpg,High_Waves,Tuticorin Coast,"Strong waves hitting the shore at Tuticorin Coast, people moving inland"
430.jpg,Flood,Goa Beach,Shops and houses submerged in water near Goa Beach
431.jpg,Tsunami,Diu Beach,"Sudden rise of sea water near Diu Beach, tsunami suspected"
432.jpg,Abnormal_Tide,Pondicherry Beach,Sea level behaving abnormally at Pondicherry Beach
433.jpg,no_hazard,Diu Beach,"A calm evening at Diu Beach, no hazard observed"
434.jpg,Abnormal_Tide,Pondicherry Beach,Fishermen report unusual tidal activity near Pondicherry Beach
435.jpg,Storm_Surge,Chennai Marina,"Cyclone impact causing storm surge at Chennai Marina, water levels rising fast"
436.jpg,Storm_Surge,Lakshadweep Islands,"Dangerous storm surge observed at Lakshadweep Islands, authorities alerted"
437.jpg,Flood,Lakshadweep Islands,Seawater entered houses near Lakshadweep Islands after heavy rainfall
438.jpg,Flood,Odisha Coast,Roads flooded around Odisha Coast due to rising sea levels
439.jpg,no_hazard,Puri Beach,"Fishing boats operating safely at Puri Beach, no hazard reported"
440.jpg,Flood,Pondicherry Beach,Seawater entered houses near Pondicherry Beach after heavy rainfall
441.jpg,Abnormal_Tide,Kovalam Beach Kerala,Sudden drop and rise in tides noticed at Kovalam Beach Kerala
442.jpg,Tsunami,Lakshadweep Islands,People evacuating Lakshadweep Islands due to tsunami threat
443.jpg,High_Waves,Kolkata Coast,High tides making fishing risky at Kolkata Coast
444.jpg,Tsunami,Kolkata Coast,"Sudden rise of sea water near Kolkata Coast, tsunami suspected"
445.jpg,no_hazard,Mumbai Coast,"A calm evening at Mumbai Coast, no hazard observed"
446.jpg,no_hazard,Kochi Harbor,"A calm evening at Kochi Harbor, no hazard observed"
447.jpg,Abnormal_Tide,Nicobar Islands,Sudden drop and rise in tides noticed at Nicobar Islands
448.jpg,Abnormal_Tide,Nagapattinam,Unusual tide patterns observed at Nagapattinam
449.jpg,no_hazard,Chennai Marina,"Tourists enjoying the beach at Chennai Marina, everything normal"
450.jpg,Flood,Kanyakumari Beach,Roads flooded around Kanyakumari Beach due to rising sea levels
451.jpg,Tsunami,Odisha Coast,Tsunami warning issued after unusual waves at Odisha Coast
452.jpg,Flood,Pondicherry Beach,Shops and houses submerged in water near Pondicherry Beach
453.jpg,Tsunami,Pondicherry Beach,Tsunami warning issued after unusual waves at Pondicherry Beach
454.jpg,no_hazard,Nicobar Islands,"A calm evening at Nicobar Islands, no hazard observed"
455.jpg,no_hazard,Mumbai Coast,"Fishing boats operating safely at Mumbai Coast, no hazard reported"
456.jpg,Storm_Surge,Andaman Islands,"Cyclone impact causing storm surge at Andaman Islands, water levels rising fast"
457.jpg,High_Waves,Kanyakumari Beach,High tides making fishing risky at Kanyakumari Beach
458.jpg,Storm_Surge,Rameswaram Shore,"Cyclone impact causing storm surge at Rameswaram Shore, water levels rising fast"
459.jpg,Tsunami,Diu Beach,People evacuating Diu Beach due to tsunami threat
460.jpg,High_Waves,Visakhapatnam,Unusually strong currents observed at Visakhapatnam
461.jpg,High_Waves,Puri Beach,High tides making fishing risky at Puri Beach
462.jpg,Tsunami,Nagapattinam,"Sudden rise of sea water near Nagapattinam, tsunami suspected"
463.jpg,Flood,Mangalore Coast,Roads flooded around Mangalore Coast due to rising sea levels
464.jpg,High_Waves,Visakhapatnam,"Strong waves hitting the shore at Visakhapatnam, people moving inland"
465.jpg,Flood,Kanyakumari Beach,Shops and houses submerged in water near Kanyakumari Beach
466.jpg,Tsunami,Visakhapatnam,Earthquake tremors followed by sea water rushing in at Visakhapatnam
467.jpg,no_hazard,Chennai Marina,"A calm evening at Chennai Marina, no hazard observed"
468.jpg,Flood,Nagapattinam,Flooding reported in low lying areas of Nagapattinam
469.jpg,no_hazard,Diu Beach,"Tourists enjoying the beach at Diu Beach, everything normal"
470.jpg,Flood,Kovalam Beach Kerala,Shops and houses submerged in water near Kovalam Beach Kerala
471.jpg,Tsunami,Odisha Coast,Tsunami warning issued after unusual waves at Odisha Coast
472.jpg,Tsunami,Kovalam Beach Kerala,Earthquake tremors followed by sea water rushing in at Kovalam Beach Kerala
473.jpg,Abnormal_Tide,Visakhapatnam,Sudden drop and rise in tides noticed at Visakhapatnam
474.jpg,Flood,Lakshadweep Islands,Seawater entered houses near Lakshadweep Islands after heavy rainfall
475.jpg,Flood,Kovalam Beach Kerala,Seawater entered houses near Kovalam Beach Kerala after heavy rainfall
476.jpg,Tsunami,Marina beach Chennai,Earthquake tremors followed by sea water rushing in at Marina beach Chennai
477.jpg,Storm_Surge,Rameswaram Shore,"Cyclone impact causing storm surge at Rameswaram Shore, water levels rising fast"
478.jpg,Tsunami,Nagapattinam,Tsunami warning issued after unusual waves at Nagapattinam
479.jpg,Abnormal_Tide,Puri Beach,Unusual tide patterns observed at Puri Beach
480.jpg,Abnormal_Tide,Kovalam Beach Kerala,Unusual tide patterns observed at Kovalam Beach Kerala
481.jpg,Tsunami,Visakhapatnam,People evacuating Visakhapatnam due to tsunami threat
482.jpg,no_hazard,Marina beach Chennai,"Fishing boats operating safely at Marina beach Chennai, no hazard reported"
483.jpg,no_hazard,Puri Beach,"Tourists enjoying the beach at Puri Beach, everything normal"
484.jpg,High_Waves,Rameswaram Shore,Unusually strong currents observed at Rameswaram Shore
485.jpg,Tsunami,Kanyakumari Beach,People evacuating Kanyakumari Beach due to tsunami threat
486.jpg,Abnormal_Tide,Tuticorin Coast,Sea level behaving abnormally at Tuticorin Coast
487.jpg,High_Waves,Kanyakumari Beach,High tides making fishing risky at Kanyakumari Beach
488.jpg,Storm_Surge,Diu Beach,"Cyclone impact causing storm surge at Diu Beach, water levels rising fast"
489.jpg,no_hazard,Kanyakumari Beach,"Tourists enjoying the beach at Kanyakumari Beach, everything normal"
490.jpg,Flood,Diu Beach,Seawater entered houses near Diu Beach after heavy rainfall
491.jpg,Storm_Surge,Mumbai Coast,Waves reaching inland houses near Mumbai Coast due to cyclone surge
492.jpg,Tsunami,Kanyakumari Beach,Tsunami warning issued after unusual waves at Kanyakumari Beach
493.jpg,Storm_Surge,Nagapattinam,"Cyclone impact causing storm surge at Nagapattinam, water levels rising fast"
494.jpg,Tsunami,Rameswaram Shore,"Sudden rise of sea water near Rameswaram Shore, tsunami suspected"
495.jpg,Flood,Diu Beach,Roads flooded around Diu Beach due to rising sea levels
496.jpg,Tsunami,Goa Beach,People evacuating Goa Beach due to tsunami threat
497.jpg,Flood,Rameswaram Shore,Shops and houses submerged in water near Rameswaram Shore
498.jpg,High_Waves,Mangalore Coast,Unusually strong currents observed at Mangalore Coast
499.jpg,no_hazard,Kovalam Beach Kerala,"A calm evening at Kovalam Beach Kerala, no hazard observed"
500.jpg,no_hazard,Kanyakumari Beach,"Tourists enjoying the beach at Kanyakumari Beach, everything normal"
501.jpg,Flood,Lakshadweep Islands,Shops and houses submerged in water near Lakshadweep Islands
502.jpg,Abnormal_Tide,Visakhapatnam,Fishermen report unusual tidal activity near Visakhapatnam
503.jpg,Storm_Surge,Kanyakumari Beach,Strong winds pushing seawater inland near Kanyakumari Beach
504.jpg,High_Waves,Diu Beach,"Huge waves crashing near Diu Beach, boats overturned"
505.jpg,High_Waves,Andaman Islands,"Strong waves hitting the shore at Andaman Islands, people moving inland"
506.jpg,Flood,Odisha Coast,Flooding reported in low lying areas of Odisha Coast
507.jpg,no_hazard,Tuticorin Coast,"A calm evening at Tuticorin Coast, no hazard observed"
508.jpg,Abnormal_Tide,Tuticorin Coast,Fishermen report unusual tidal activity near Tuticorin Coast
509.jpg,Storm_Surge,Pondicherry Beach,"Dangerous storm surge observed at Pondicherry Beach, authorities alerted"
510.jpg,Storm_Surge,Puri Beach,"Dangerous storm surge observed at Puri Beach, authorities alerted"
511.jpg,Tsunami,Nagapattinam,Tsunami warning issued after unusual waves at Nagapattinam
512.jpg,no_hazard,Kochi Harbor,"Tourists enjoying the beach at Kochi Harbor, everything normal"
513.jpg,Flood,Kolkata Coast,Roads flooded around Kolkata Coast due to rising sea levels
514.jpg,Tsunami,Visakhapatnam,Tsunami warning issued after unusual waves at Visakhapatnam
515.jpg,High_Waves,Visakhapatnam,Unusually strong currents observed at Visakhapatnam
516.jpg,High_Waves,Nicobar Islands,Unusually strong currents observed at Nicobar Islands
517.jpg,no_hazard,Nagapattinam,"A calm evening at Nagapattinam, no hazard observed"
518.jpg,Flood,Chennai Marina,Roads flooded around Chennai Marina due to rising sea levels
519.jpg,Storm_Surge,Nagapattinam,"Cyclone impact causing storm surge at Nagapattinam, water levels rising fast"
520.jpg,Storm_Surge,Lakshadweep Islands,Strong winds pushing seawater inland near Lakshadweep Islands
521.jpg,no_hazard,Nicobar Islands,"Tourists enjoying the beach at Nicobar Islands, everything normal"
522.jpg,Flood,Marina beach Chennai,Roads flooded around Marina beach Chennai due to rising sea levels
523.jpg,Abnormal_Tide,Odisha Coast,Unusual tide patterns observed at Odisha Coast
524.jpg,Abnormal_Tide,Rameswaram Shore,Unusual tide patterns observed at Rameswaram Shore
525.jpg,Tsunami,Pondicherry Beach,People evacuating Pondicherry Beach due to tsunami threat
526.jpg,Abnormal_Tide,Pondicherry Beach,Fishermen report unusual tidal activity near Pondicherry Beach
527.jpg,Abnormal_Tide,Kanyakumari Beach,Fishermen report unusual tidal activity near Kanyakumari Beach
528.jpg,Storm_Surge,Kanyakumari Beach,"Cyclone impact causing storm surge at Kanyakumari Beach, water levels rising fast"
529.jpg,High_Waves,Tuticorin Coast,Unusually strong currents observed at Tuticorin Coast
530.jpg,High_Waves,Lakshadweep Islands,"Huge waves crashing near Lakshadweep Islands, boats overturned"
531.jpg,no_hazard,Nicobar Islands,"Tourists enjoying the beach at Nicobar Islands, everything normal"
532.jpg,Storm_Surge,Chennai Marina,"Cyclone impact causing storm surge at Chennai Marina, water levels rising fast"
533.jpg,High_Waves,Tuticorin Coast,"Strong waves hitting the shore at Tuticorin Coast, people moving inland"
534.jpg,Flood,Kanyakumari Beach,Shops and houses submerged in water near Kanyakumari Beach
535.jpg,Flood,Odisha Coast,Shops and houses submerged in water near Odisha Coast
536.jpg,Storm_Surge,Kolkata Coast,"Dangerous storm surge observed at Kolkata Coast, authorities alerted"
537.jpg,Flood,Rameswaram Shore,Roads flooded around Rameswaram Shore due to rising sea levels
538.jpg,Tsunami,Lakshadweep Islands,Earthquake tremors followed by sea water rushing in at Lakshadweep Islands
539.jpg,Tsunami,Rameswaram Shore,Earthquake tremors followed by sea water rushing in at Rameswaram Shore
540.jpg,Flood,Marina beach Chennai,Roads flooded around Marina beach Chennai due to rising sea levels
541.jpg,High_Waves,Pondicherry Beach,High tides making fishing risky at Pondicherry Beach
542.jpg,Tsunami,Nagapattinam,"Sudden rise of sea water near Nagapattinam, tsunami suspected"
543.jpg,Flood,Rameswaram Shore,Roads flooded around Rameswaram Shore due to rising sea levels
544.jpg,Abnormal_Tide,Mangalore Coast,Fishermen report unusual tidal activity near Mangalore Coast
545.jpg,Abnormal_Tide,Andaman Islands,Sudden drop and rise in tides noticed at Andaman Islands
546.jpg,Tsunami,Kochi Harbor,"Sudden rise of sea water near Kochi Harbor, tsunami suspected"
547.jpg,no_hazard,Chennai Marina,"Sunny weather at Chennai Marina, peaceful situation"
548.jpg,Abnormal_Tide,Lakshadweep Islands,Sudden drop and rise in tides noticed at Lakshadweep Islands
549.jpg,Abnormal_Tide,Diu Beach,Sudden drop and rise in tides noticed at Diu Beach
550.jpg,no_hazard,Tuticorin Coast,"Tourists enjoying the beach at Tuticorin Coast, everything normal"
551.jpg,Tsunami,Puri Beach,Earthquake tremors followed by sea water rushing in at Puri Beach
552.jpg,no_hazard,Puri Beach,"Fishing boats operating safely at Puri Beach, no hazard reported"
553.jpg,Storm_Surge,Mumbai Coast,Waves reaching inland houses near Mumbai Coast due to cyclone surge
554.jpg,no_hazard,Kolkata Coast,"Fishing boats operating safely at Kolkata Coast, no hazard reported"
555.jpg,High_Waves,Kolkata Coast,"Strong waves hitting the shore at Kolkata Coast, people moving inland"
556.jpg,High_Waves,Visakhapatnam,"Strong waves hitting the shore at Visakhapatnam, people moving inland"
557.jpg,Abnormal_Tide,Marina beach Chennai,Sudden drop and rise in tides noticed at Marina beach Chennai
558.jpg,Storm_Surge,Marina beach Chennai,"Cyclone impact causing storm surge at Marina beach Chennai, water levels rising fast"
559.jpg,Storm_Surge,Puri Beach,"Cyclone impact causing storm surge at Puri Beach, water levels rising fast"
560.jpg,High_Waves,Lakshadweep Islands,"Strong waves hitting the shore at Lakshadweep Islands, people moving inland"
561.jpg,Tsunami,Kochi Harbor,Tsunami warning issued after unusual waves at Kochi Harbor
562.jpg,Storm_Surge,Odisha Coast,"Cyclone impact causing storm surge at Odisha Coast, water levels rising fast"
563.jpg,no_hazard,Nagapattinam,"Fishing boats operating safely at Nagapattinam, no hazard reported"
564.jpg,Storm_Surge,Kochi Harbor,Waves reaching inland houses near Kochi Harbor due to cyclone surge
565.jpg,Abnormal_Tide,Marina beach Chennai,Unusual tide patterns observed at Marina beach Chennai
566.jpg,Storm_Surge,Nagapattinam,Waves reaching inland houses near Nagapattinam due to cyclone surge
567.jpg,Tsunami,Andaman Islands,Earthquake tremors followed by sea water rushing in at Andaman Islands
568.jpg,High_Waves,Puri Beach,Unusually strong currents observed at Puri Beach
569.jpg,no_hazard,Nicobar Islands,"Sunny weather at Nicobar Islands, peaceful situation"
570.jpg,High_Waves,Kolkata Coast,High tides making fishing risky at Kolkata Coast
571.jpg,no_hazard,Pondicherry Beach,"A calm evening at Pondicherry Beach, no hazard observed"
572.jpg,Storm_Surge,Nicobar Islands,"Dangerous storm surge observed at Nicobar Islands, authorities alerted"
573.jpg,Flood,Nagapattinam,Shops and houses submerged in water near Nagapattinam
574.jpg,Abnormal_Tide,Kovalam Beach Kerala,Sea level behaving abnormally at Kovalam Beach Kerala
575.jpg,Abnormal_Tide,Kochi Harbor,Sea level behaving abnormally at Kochi Harbor
576.jpg,Flood,Puri Beach,Seawater entered houses near Puri Beach after heavy rainfall
577.jpg,Tsunami,Visakhapatnam,People evacuating Visakhapatnam due to tsunami threat
578.jpg,Tsunami,Tuticorin Coast,Tsunami warning issued after unusual waves at Tuticorin Coast
579.jpg,no_hazard,Kochi Harbor,"A calm evening at Kochi Harbor, no hazard observed"
580.jpg,Abnormal_Tide,Odisha Coast,Sea level behaving abnormally at Odisha Coast
581.jpg,High_Waves,Puri Beach,"Huge waves crashing near Puri Beach, boats overturned"
582.jpg,Abnormal_Tide,Rameswaram Shore,Unusual tide patterns observed at Rameswaram Shore
583.jpg,Tsunami,Mangalore Coast,Tsunami warning issued after unusual waves at Mangalore Coast
584.jpg,High_Waves,Kanyakumari Beach,"Huge waves crashing near Kanyakumari Beach, boats overturned"
585.jpg,Flood,Kolkata Coast,Seawater entered houses near Kolkata Coast after heavy rainfall
586.jpg,Abnormal_Tide,Nicobar Islands,Sudden drop and rise in tides noticed at Nicobar Islands
587.jpg,Abnormal_Tide,Nagapattinam,Sea level behaving abnormally at Nagapattinam
588.jpg,Abnormal_Tide,Puri Beach,Unusual tide patterns observed at Puri Beach
589.jpg,Abnormal_Tide,Odisha Coast,Fishermen report unusual tidal activity near Odisha Coast
590.jpg,no_hazard,Goa Beach,"Sunny weather at Goa Beach, peaceful situation"
591.jpg,Storm_Surge,Kanyakumari Beach,"Dangerous storm surge observed at Kanyakumari Beach, authorities alerted"
592.jpg,Abnormal_Tide,Odisha Coast,Sea level behaving abnormally at Odisha Coast
593.jpg,Abnormal_Tide,Diu Beach,Unusual tide patterns observed at Diu Beach
594.jpg,Tsunami,Marina beach Chennai,Tsunami warning issued after unusual waves at Marina beach Chennai
595.jpg,Tsunami,Pondicherry Beach,Tsunami warning issued after unusual waves at Pondicherry Beach
596.jpg,Tsunami,Nicobar Islands,People evacuating Nicobar Islands due to tsunami threat
597.jpg,Tsunami,Kochi Harbor,Tsunami warning issued after unusual waves at Kochi Harbor
598.jpg,High_Waves,Diu Beach,"Huge waves crashing near Diu Beach, boats overturned"
599.jpg,High_Waves,Nagapattinam,High tides making fishing risky at Nagapattinam
600.jpg,Tsunami,Diu Beach,Tsunami warning issued after unusual waves at Diu Beach
601.jpg,Abnormal_Tide,Kovalam Beach Kerala,Sea level behaving abnormally at Kovalam Beach Kerala
602.jpg,High_Waves,Pondicherry Beach,Unusually strong currents observed at Pondicherry Beach
603.jpg,High_Waves,Kovalam Beach Kerala,High tides making fishing risky at Kovalam Beach Kerala
604.jpg,High_Waves,Tuticorin Coast,High tides making fishing risky at Tuticorin Coast
605.jpg,Tsunami,Kolkata Coast,People evacuating Kolkata Coast due to tsunami threat
606.jpg,Abnormal_Tide,Lakshadweep Islands,Unusual tide patterns observed at Lakshadweep Islands
607.jpg,Abnormal_Tide,Rameswaram Shore,Fishermen report unusual tidal activity near Rameswaram Shore
608.jpg,Flood,Andaman Islands,Seawater entered houses near Andaman Islands after heavy rainfall
609.jpg,High_Waves,Kovalam Beach Kerala,"Huge waves crashing near Kovalam Beach Kerala, boats overturned"
610.jpg,High_Waves,Kanyakumari Beach,High tides making fishing risky at Kanyakumari Beach
611.jpg,Tsunami,Visakhapatnam,Earthquake tremors followed by sea water rushing in at Visakhapatnam
612.jpg,Storm_Surge,Kochi Harbor,Strong winds pushing seawater inland near Kochi Harbor
613.jpg,Storm_Surge,Puri Beach,"Dangerous storm surge observed at Puri Beach, authorities alerted"
614.jpg,Storm_Surge,Pondicherry Beach,Waves reaching inland houses near Pondicherry Beach due to cyclone surge
615.jpg,High_Waves,Lakshadweep Islands,"Strong waves hitting the shore at Lakshadweep Islands, people moving inland"
616.jpg,Tsunami,Nicobar Islands,"Sudden rise of sea water near Nicobar Islands, tsunami suspected"
617.jpg,Abnormal_Tide,Rameswaram Shore,Sudden drop and rise in tides noticed at Rameswaram Shore
618.jpg,High_Waves,Marina beach Chennai,Unusually strong currents observed at Marina beach Chennai
619.jpg,Abnormal_Tide,Kochi Harbor,Sea level behaving abnormally at Kochi Harbor
620.jpg,no_hazard,Mumbai Coast,"A calm evening at Mumbai Coast, no hazard observed"
621.jpg,High_Waves,Odisha Coast,"Huge waves crashing near Odisha Coast, boats overturned"
622.jpg,Flood,Pondicherry Beach,Seawater entered houses near Pondicherry Beach after heavy rainfall
623.jpg,Storm_Surge,Mangalore Coast,"Cyclone impact causing storm surge at Mangalore Coast, water levels rising fast"
624.jpg,Tsunami,Chennai Marina,People evacuating Chennai Marina due to tsunami threat
625.jpg,Abnormal_Tide,Puri Beach,Unusual tide patterns observed at Puri Beach
626.jpg,Abnormal_Tide,Kolkata Coast,Sea level behaving abnormally at Kolkata Coast
627.jpg,Storm_Surge,Tuticorin Coast,"Cyclone impact causing storm surge at Tuticorin Coast, water levels rising fast"
628.jpg,High_Waves,Puri Beach,"Strong waves hitting the shore at Puri Beach, people moving inland"
629.jpg,Abnormal_Tide,Nagapattinam,Unusual tide patterns observed at Nagapattinam
630.jpg,Tsunami,Puri Beach,"Sudden rise of sea water near Puri Beach, tsunami suspected"
631.jpg,Storm_Surge,Odisha Coast,"Dangerous storm surge observed at Odisha Coast, authorities alerted"
632.jpg,Flood,Visakhapatnam,Roads flooded around Visakhapatnam due to rising sea levels
633.jpg,High_Waves,Chennai Marina,Unusually strong currents observed at Chennai Marina
634.jpg,High_Waves,Kolkata Coast,High tides making fishing risky at Kolkata Coast
635.jpg,no_hazard,Diu Beach,"Fishing boats operating safely at Diu Beach, no hazard reported"
636.jpg,Tsunami,Kolkata Coast,"Sudden rise of sea water near Kolkata Coast, tsunami suspected"
637.jpg,High_Waves,Mumbai Coast,"Huge waves crashing near Mumbai Coast, boats overturned"
638.jpg,Abnormal_Tide,Odisha Coast,Sudden drop and rise in tides noticed at Odisha Coast
639.jpg,Flood,Tuticorin Coast,Roads flooded around Tuticorin Coast due to rising sea levels
640.jpg,Flood,Odisha Coast,Roads flooded around Odisha Coast due to rising sea levels
641.jpg,no_hazard,Chennai Marina,"Fishing boats operating safely at Chennai Marina, no hazard reported"
642.jpg,Flood,Nicobar Islands,Flooding reported in low lying areas of Nicobar Islands
643.jpg,High_Waves,Nicobar Islands,"Strong waves hitting the shore at Nicobar Islands, people moving inland"
644.jpg,Tsunami,Kochi Harbor,People evacuating Kochi Harbor due to tsunami threat
645.jpg,Flood,Kovalam Beach Kerala,Seawater entered houses near Kovalam Beach Kerala after heavy rainfall
646.jpg,Flood,Chennai Marina,Flooding reported in low lying areas of Chennai Marina
647.jpg,Tsunami,Rameswaram Shore,Earthquake tremors followed by sea water rushing in at Rameswaram Shore
648.jpg,Abnormal_Tide,Kanyakumari Beach,Unusual tide patterns observed at Kanyakumari Beach
649.jpg,Abnormal_Tide,Kanyakumari Beach,Sudden drop and rise in tides noticed at Kanyakumari Beach
650.jpg,Tsunami,Rameswaram Shore,Tsunami warning issued after unusual waves at Rameswaram Shore
651.jpg,High_Waves,Puri Beach,Unusually strong currents observed at Puri Beach
652.jpg,no_hazard,Lakshadweep Islands,"A calm evening at Lakshadweep Islands, no hazard observed"
653.jpg,no_hazard,Marina beach Chennai,"A calm evening at Marina beach Chennai, no hazard observed"
654.jpg,Storm_Surge,Goa Beach,"Cyclone impact causing storm surge at Goa Beach, water levels rising fast"
655.jpg,Storm_Surge,Puri Beach,"Dangerous storm surge observed at Puri Beach, authorities alerted"
656.jpg,High_Waves,Mangalore Coast,High tides making fishing risky at Mangalore Coast
657.jpg,Flood,Kolkata Coast,Seawater entered houses near Kolkata Coast after heavy rainfall
658.jpg,Storm_Surge,Tuticorin Coast,Waves reaching inland houses near Tuticorin Coast due to cyclone surge
659.jpg,High_Waves,Lakshadweep Islands,"Strong waves hitting the shore at Lakshadweep Islands, people moving inland"
660.jpg,no_hazard,Pondicherry Beach,"Fishing boats operating safely at Pondicherry Beach, no hazard reported"
661.jpg,Tsunami,Nicobar Islands,Tsunami warning issued after unusual waves at Nicobar Islands
662.jpg,High_Waves,Goa Beach,"Strong waves hitting the shore at Goa Beach, people moving inland"
663.jpg,no_hazard,Visakhapatnam,"Tourists enjoying the beach at Visakhapatnam, everything normal"
664.jpg,Flood,Lakshadweep Islands,Flooding reported in low lying areas of Lakshadweep Islands
665.jpg,Flood,Kovalam Beach Kerala,Shops and houses submerged in water near Kovalam Beach Kerala
666.jpg,no_hazard,Kovalam Beach Kerala,"Tourists enjoying the beach at Kovalam Beach Kerala, everything normal"
667.jpg,Storm_Surge,Puri Beach,"Cyclone impact causing storm surge at Puri Beach, water levels rising fast"
668.jpg,Flood,Mangalore Coast,Seawater entered houses near Mangalore Coast after heavy rainfall
669.jpg,Abnormal_Tide,Tuticorin Coast,Sea level behaving abnormally at Tuticorin Coast
670.jpg,High_Waves,Puri Beach,"Huge waves crashing near Puri Beach, boats overturned"
671.jpg,Tsunami,Visakhapatnam,Tsunami warning issued after unusual waves at Visakhapatnam
672.jpg,High_Waves,Mangalore Coast,"Strong waves hitting the shore at Mangalore Coast, people moving inland"
673.jpg,Abnormal_Tide,Pondicherry Beach,Sudden drop and rise in tides noticed at Pondicherry Beach
674.jpg,Abnormal_Tide,Goa Beach,Sudden drop and rise in tides noticed at Goa Beach
675.jpg,High_Waves,Goa Beach,"Strong waves hitting the shore at Goa Beach, people moving inland"
676.jpg,High_Waves,Odisha Coast,"Huge waves crashing near Odisha Coast, boats overturned"
677.jpg,Flood,Kanyakumari Beach,Flooding reported in low lying areas of Kanyakumari Beach
678.jpg,Abnormal_Tide,Visakhapatnam,Sudden drop and rise in tides noticed at Visakhapatnam
679.jpg,no_hazard,Marina beach Chennai,"Fishing boats operating safely at Marina beach Chennai, no hazard reported"
680.jpg,High_Waves,Kochi Harbor,"Strong waves hitting the shore at Kochi Harbor, people moving inland"
681.jpg,Abnormal_Tide,Puri Beach,Unusual tide patterns observed at Puri Beach
682.jpg,no_hazard,Puri Beach,"Tourists enjoying the beach at Puri Beach, everything normal"
683.jpg,Flood,Puri Beach,Seawater entered houses near Puri Beach after heavy rainfall
684.jpg,Tsunami,Andaman Islands,Earthquake tremors followed by sea water rushing in at Andaman Islands
685.jpg,no_hazard,Puri Beach,"Fishing boats operating safely at Puri Beach, no hazard reported"
686.jpg,Abnormal_Tide,Goa Beach,Sea level behaving abnormally at Goa Beach
687.jpg,Storm_Surge,Nagapattinam,Waves reaching inland houses near Nagapattinam due to cyclone surge
688.jpg,Flood,Rameswaram Shore,Seawater entered houses near Rameswaram Shore after heavy rainfall
689.jpg,Abnormal_Tide,Andaman Islands,Fishermen report unusual tidal activity near Andaman Islands
690.jpg,High_Waves,Nagapattinam,Unusually strong currents observed at Nagapattinam
691.jpg,Storm_Surge,Andaman Islands,"Cyclone impact causing storm surge at Andaman Islands, water levels rising fast"
692.jpg,High_Waves,Odisha Coast,"Huge waves crashing near Odisha Coast, boats overturned"
693.jpg,Storm_Surge,Kolkata Coast,"Dangerous storm surge observed at Kolkata Coast, authorities alerted"
694.jpg,Storm_Surge,Kochi Harbor,"Dangerous storm surge observed at Kochi Harbor, authorities alerted"
695.jpg,no_hazard,Rameswaram Shore,"Tourists enjoying the beach at Rameswaram Shore, everything normal"
696.jpg,Tsunami,Visakhapatnam,Earthquake tremors followed by sea water rushing in at Visakhapatnam
697.jpg,Storm_Surge,Mumbai Coast,"Dangerous storm surge observed at Mumbai Coast, authorities alerted"
698.jpg,no_hazard,Kochi Harbor,"Fishing boats operating safely at Kochi Harbor, no hazard reported"
699.jpg,Abnormal_Tide,Mangalore Coast,Sudden drop and rise in tides noticed at Mangalore Coast
700.jpg,High_Waves,Kolkata Coast,"Huge waves crashing near Kolkata Coast, boats overturned"
701.jpg,no_hazard,Kochi Harbor,"Sunny weather at Kochi Harbor, peaceful situation"
702.jpg,Storm_Surge,Lakshadweep Islands,Waves reaching inland houses near Lakshadweep Islands due to cyclone surge
703.jpg,Flood,Kanyakumari Beach,Flooding reported in low lying areas of Kanyakumari Beach
704.jpg,no_hazard,Nagapattinam,"Sunny weather at Nagapattinam, peaceful situation"
705.jpg,High_Waves,Diu Beach,Unusually strong currents observed at Diu Beach
706.jpg,High_Waves,Mangalore Coast,"Huge waves crashing near Mangalore Coast, boats overturned"
707.jpg,Abnormal_Tide,Odisha Coast,Fishermen report unusual tidal activity near Odisha Coast
708.jpg,Storm_Surge,Tuticorin Coast,Strong winds pushing seawater inland near Tuticorin Coast
709.jpg,Tsunami,Marina beach Chennai,People evacuating Marina beach Chennai due to tsunami threat
710.jpg,High_Waves,Nagapattinam,High tides making fishing risky at Nagapattinam
711.jpg,High_Waves,Kanyakumari Beach,Unusually strong currents observed at Kanyakumari Beach
712.jpg,Abnormal_Tide,Kolkata Coast,Unusual tide patterns observed at Kolkata Coast
713.jpg,Tsunami,Puri Beach,Earthquake tremors followed by sea water rushing in at Puri Beach
714.jpg,High_Waves,Odisha Coast,Unusually strong currents observed at Odisha Coast
715.jpg,High_Waves,Diu Beach,High tides making fishing risky at Diu Beach
716.jpg,Tsunami,Visakhapatnam,People evacuating Visakhapatnam due to tsunami threat
717.jpg,High_Waves,Diu Beach,"Huge waves crashing near Diu Beach, boats overturned"
718.jpg,Abnormal_Tide,Odisha Coast,Sudden drop and rise in tides noticed at Odisha Coast
719.jpg,Flood,Pondicherry Beach,Flooding reported in low lying areas of Pondicherry Beach
720.jpg,no_hazard,Rameswaram Shore,"Tourists enjoying the beach at Rameswaram Shore, everything normal"
721.jpg,Flood,Kovalam Beach Kerala,Flooding reported in low lying areas of Kovalam Beach Kerala
722.jpg,Tsunami,Kolkata Coast,"Sudden rise of sea water near Kolkata Coast, tsunami suspected"
723.jpg,no_hazard,Andaman Islands,"A calm evening at Andaman Islands, no hazard observed"
724.jpg,no_hazard,Rameswaram Shore,"Fishing boats operating safely at Rameswaram Shore, no hazard reported"
725.jpg,Flood,Kolkata Coast,Shops and houses submerged in water near Kolkata Coast
726.jpg,no_hazard,Nicobar Islands,"Sunny weather at Nicobar Islands, peaceful situation"
727.jpg,no_hazard,Kolkata Coast,"Sunny weather at Kolkata Coast, peaceful situation"
728.jpg,Tsunami,Odisha Coast,"Sudden rise of sea water near Odisha Coast, tsunami suspected"
729.jpg,Flood,Nagapattinam,Shops and houses submerged in water near Nagapattinam
730.jpg,High_Waves,Kovalam Beach Kerala,Unusually strong currents observed at Kovalam Beach Kerala
731.jpg,no_hazard,Kanyakumari Beach,"Fishing boats operating safely at Kanyakumari Beach, no hazard reported"
732.jpg,Abnormal_Tide,Mangalore Coast,Sudden drop and rise in tides noticed at Mangalore Coast
733.jpg,High_Waves,Lakshadweep Islands,High tides making fishing risky at Lakshadweep Islands
734.jpg,Abnormal_Tide,Goa Beach,Unusual tide patterns observed at Goa Beach
735.jpg,no_hazard,Mangalore Coast,"Tourists enjoying the beach at Mangalore Coast, everything normal"
736.jpg,Abnormal_Tide,Nicobar Islands,Sudden drop and rise in tides noticed at Nicobar Islands
737.jpg,Abnormal_Tide,Andaman Islands,Sudden drop and rise in tides noticed at Andaman Islands
738.jpg,Tsunami,Tuticorin Coast,Tsunami warning issued after unusual waves at Tuticorin Coast
739.jpg,Tsunami,Kanyakumari Beach,Earthquake tremors followed by sea water rushing in at Kanyakumari Beach
740.jpg,High_Waves,Pondicherry Beach,"Huge waves crashing near Pondicherry Beach, boats overturned"
741.jpg,Flood,Chennai Marina,Flooding reported in low lying areas of Chennai Marina
742.jpg,High_Waves,Kolkata Coast,"Strong waves hitting the shore at Kolkata Coast, people moving inland"
743.jpg,High_Waves,Nicobar Islands,"Strong waves hitting the shore at Nicobar Islands, people moving inland"
744.jpg,Abnormal_Tide,Kanyakumari Beach,Sudden drop and rise in tides noticed at Kanyakumari Beach
745.jpg,Flood,Andaman Islands,Flooding reported in low lying areas of Andaman Islands
746.jpg,Storm_Surge,Lakshadweep Islands,"Cyclone impact causing storm surge at Lakshadweep Islands, water levels rising fast"
747.jpg,Storm_Surge,Marina beach Chennai,"Cyclone impact causing storm surge at Marina beach Chennai, water levels rising fast"
748.jpg,High_Waves,Nagapattinam,"Strong waves hitting the shore at Nagapattinam, people moving inland"
749.jpg,Storm_Surge,Odisha Coast,"Cyclone impact causing storm surge at Odisha Coast, water levels rising fast"
750.jpg,Tsunami,Kochi Harbor,Earthquake tremors followed by sea water rushing in at Kochi Harbor
751.jpg,High_Waves,Nagapattinam,High tides making fishing risky at Nagapattinam
752.jpg,Flood,Odisha Coast,Seawater entered houses near Odisha Coast after heavy rainfall
753.jpg,High_Waves,Pondicherry Beach,"Huge waves crashing near Pondicherry Beach, boats overturned"
754.jpg,no_hazard,Nicobar Islands,"Sunny weather at Nicobar Islands, peaceful situation"
755.jpg,Storm_Surge,Puri Beach,Strong winds pushing seawater inland near Puri Beach
756.jpg,no_hazard,Mangalore Coast,"Tourists enjoying the beach at Mangalore Coast, everything normal"
757.jpg,Storm_Surge,Visakhapatnam,"Cyclone impact causing storm surge at Visakhapatnam, water levels rising fast"
758.jpg,Storm_Surge,Marina beach Chennai,Waves reaching inland houses near Marina beach Chennai due to cyclone surge
759.jpg,Storm_Surge,Puri Beach,"Cyclone impact causing storm surge at Puri Beach, water levels rising fast"
760.jpg,Abnormal_Tide,Kolkata Coast,Sudden drop and rise in tides noticed at Kolkata Coast
761.jpg,Tsunami,Kanyakumari Beach,Earthquake tremors followed by sea water rushing in at Kanyakumari Beach
762.jpg,Storm_Surge,Kochi Harbor,Strong winds pushing seawater inland near Kochi Harbor
763.jpg,Flood,Kolkata Coast,Shops and houses submerged in water near Kolkata Coast
764.jpg,High_Waves,Mangalore Coast,Unusually strong currents observed at Mangalore Coast
765.jpg,High_Waves,Rameswaram Shore,"Huge waves crashing near Rameswaram Shore, boats overturned"
766.jpg,High_Waves,Chennai Marina,High tides making fishing risky at Chennai Marina
767.jpg,no_hazard,Nicobar Islands,"Tourists enjoying the beach at Nicobar Islands, everything normal"
768.jpg,no_hazard,Marina beach Chennai,"Fishing boats operating safely at Marina beach Chennai, no hazard reported"
769.jpg,Abnormal_Tide,Pondicherry Beach,Fishermen report unusual tidal activity near Pondicherry Beach
770.jpg,Flood,Chennai Marina,Seawater entered houses near Chennai Marina after heavy rainfall
771.jpg,Storm_Surge,Kochi Harbor,Strong winds pushing seawater inland near Kochi Harbor
772.jpg,High_Waves,Pondicherry Beach,High tides making fishing risky at Pondicherry Beach
773.jpg,Tsunami,Nagapattinam,Tsunami warning issued after unusual waves at Nagapattinam
774.jpg,Flood,Pondicherry Beach,Seawater entered houses near Pondicherry Beach after heavy rainfall
775.jpg,Abnormal_Tide,Kanyakumari Beach,Fishermen report unusual tidal activity near Kanyakumari Beach
776.jpg,Tsunami,Chennai Marina,Tsunami warning issued after unusual waves at Chennai Marina
777.jpg,Abnormal_Tide,Kochi Harbor,Sudden drop and rise in tides noticed at Kochi Harbor
778.jpg,High_Waves,Chennai Marina,Unusually strong currents observed at Chennai Marina
779.jpg,Flood,Kochi Harbor,Roads flooded around Kochi Harbor due to rising sea levels
780.jpg,Abnormal_Tide,Kovalam Beach Kerala,Sudden drop and rise in tides noticed at Kovalam Beach Kerala
781.jpg,High_Waves,Kanyakumari Beach,"Strong waves hitting the shore at Kanyakumari Beach, people moving inland"
782.jpg,Abnormal_Tide,Rameswaram Shore,Unusual tide patterns observed at Rameswaram Shore
783.jpg,Tsunami,Goa Beach,"Sudden rise of sea water near Goa Beach, tsunami suspected"
784.jpg,Abnormal_Tide,Diu Beach,Fishermen report unusual tidal activity near Diu Beach
785.jpg,Flood,Pondicherry Beach,Shops and houses submerged in water near Pondicherry Beach
786.jpg,Abnormal_Tide,Rameswaram Shore,Sea level behaving abnormally at Rameswaram Shore
787.jpg,no_hazard,Chennai Marina,"Tourists enjoying the beach at Chennai Marina, everything normal"
788.jpg,Tsunami,Nagapattinam,Earthquake tremors followed by sea water rushing in at Nagapattinam
789.jpg,Flood,Goa Beach,Flooding reported in low lying areas of Goa Beach
790.jpg,Flood,Nicobar Islands,Shops and houses submerged in water near Nicobar Islands
791.jpg,Flood,Nagapattinam,Seawater entered houses near Nagapattinam after heavy rainfall
792.jpg,no_hazard,Lakshadweep Islands,"Fishing boats operating safely at Lakshadweep Islands, no hazard reported"
793.jpg,Storm_Surge,Tuticorin Coast,Strong winds pushing seawater inland near Tuticorin Coast
794.jpg,High_Waves,Lakshadweep Islands,"Strong waves hitting the shore at Lakshadweep Islands, people moving inland"
795.jpg,Storm_Surge,Mumbai Coast,Strong winds pushing seawater inland near Mumbai Coast
796.jpg,Tsunami,Kolkata Coast,"Sudden rise of sea water near Kolkata Coast, tsunami suspected"
797.jpg,Abnormal_Tide,Goa Beach,Sea level behaving abnormally at Goa Beach
798.jpg,no_hazard,Diu Beach,"A calm evening at Diu Beach, no hazard observed"
799.jpg,High_Waves,Odisha Coast,"Strong waves hitting the shore at Odisha Coast, people moving inland"
800.jpg,Tsunami,Goa Beach,"Sudden rise of sea water near Goa Beach, tsunami suspected"
801.jpg,Abnormal_Tide,Kolkata Coast,Sea level behaving abnormally at Kolkata Coast
802.jpg,High_Waves,Pondicherry Beach,Unusually strong currents observed at Pondicherry Beach
803.jpg,High_Waves,Odisha Coast,"Huge waves crashing near Odisha Coast, boats overturned"
804.jpg,Abnormal_Tide,Marina beach Chennai,Fishermen report unusual tidal activity near Marina beach Chennai
805.jpg,Storm_Surge,Kochi Harbor,Waves reaching inland houses near Kochi Harbor due to cyclone surge
806.jpg,Storm_Surge,Visakhapatnam,"Cyclone impact causing storm surge at Visakhapatnam, water levels rising fast"
807.jpg,High_Waves,Nagapattinam,Unusually strong currents observed at Nagapattinam
808.jpg,Flood,Lakshadweep Islands,Shops and houses submerged in water near Lakshadweep Islands
809.jpg,Flood,Andaman Islands,Shops and houses submerged in water near Andaman Islands
810.jpg,Flood,Marina beach Chennai,Roads flooded around Marina beach Chennai due to rising sea levels
811.jpg,no_hazard,Kovalam Beach Kerala,"Fishing boats operating safely at Kovalam Beach Kerala, no hazard reported"
812.jpg,High_Waves,Mangalore Coast,Unusually strong currents observed at Mangalore Coast
813.jpg,High_Waves,Mumbai Coast,Unusually strong currents observed at Mumbai Coast
814.jpg,High_Waves,Kovalam Beach Kerala,High tides making fishing risky at Kovalam Beach Kerala
815.jpg,Storm_Surge,Goa Beach,Strong winds pushing seawater inland near Goa Beach
816.jpg,Abnormal_Tide,Visakhapatnam,Sudden drop and rise in tides noticed at Visakhapatnam
817.jpg,Storm_Surge,Nagapattinam,"Cyclone impact causing storm surge at Nagapattinam, water levels rising fast"
818.jpg,Storm_Surge,Diu Beach,Waves reaching inland houses near Diu Beach due to cyclone surge
819.jpg,Tsunami,Pondicherry Beach,Earthquake tremors followed by sea water rushing in at Pondicherry Beach
820.jpg,Flood,Marina beach Chennai,Seawater entered houses near Marina beach Chennai after heavy rainfall
821.jpg,Tsunami,Odisha Coast,Tsunami warning issued after unusual waves at Odisha Coast
822.jpg,High_Waves,Kolkata Coast,High tides making fishing risky at Kolkata Coast
823.jpg,Flood,Nicobar Islands,Flooding reported in low lying areas of Nicobar Islands
824.jpg,Abnormal_Tide,Kanyakumari Beach,Fishermen report unusual tidal activity near Kanyakumari Beach
825.jpg,no_hazard,Kanyakumari Beach,"Fishing boats operating safely at Kanyakumari Beach, no hazard reported"
826.jpg,Flood,Kanyakumari Beach,Roads flooded around Kanyakumari Beach due to rising sea levels
827.jpg,no_hazard,Mangalore Coast,"A calm evening at Mangalore Coast, no hazard observed"
828.jpg,Tsunami,Goa Beach,Earthquake tremors followed by sea water rushing in at Goa Beach
829.jpg,Storm_Surge,Kanyakumari Beach,"Cyclone impact causing storm surge at Kanyakumari Beach, water levels rising fast"
830.jpg,Flood,Mumbai Coast,Roads flooded around Mumbai Coast due to rising sea levels
831.jpg,High_Waves,Mumbai Coast,"Strong waves hitting the shore at Mumbai Coast, people moving inland"
832.jpg,Abnormal_Tide,Pondicherry Beach,Fishermen report unusual tidal activity near Pondicherry Beach
833.jpg,no_hazard,Mangalore Coast,"Sunny weather at Mangalore Coast, peaceful situation"
834.jpg,Tsunami,Tuticorin Coast,People evacuating Tuticorin Coast due to tsunami threat
835.jpg,no_hazard,Mangalore Coast,"A calm evening at Mangalore Coast, no hazard observed"
836.jpg,Flood,Chennai Marina,Flooding reported in low lying areas of Chennai Marina
837.jpg,Abnormal_Tide,Kovalam Beach Kerala,Sudden drop and rise in tides noticed at Kovalam Beach Kerala
838.jpg,Tsunami,Odisha Coast,Tsunami warning issued after unusual waves at Odisha Coast
839.jpg,Tsunami,Marina beach Chennai,Tsunami warning issued after unusual waves at Marina beach Chennai
840.jpg,Tsunami,Nagapattinam,Earthquake tremors followed by sea water rushing in at Nagapattinam
841.jpg,High_Waves,Mangalore Coast,"Strong waves hitting the shore at Mangalore Coast, people moving inland"
842.jpg,no_hazard,Goa Beach,"A calm evening at Goa Beach, no hazard observed"
843.jpg,Storm_Surge,Kolkata Coast,"Cyclone impact causing storm surge at Kolkata Coast, water levels rising fast"
844.jpg,Storm_Surge,Kochi Harbor,"Dangerous storm surge observed at Kochi Harbor, authorities alerted"
845.jpg,Abnormal_Tide,Chennai Marina,Unusual tide patterns observed at Chennai Marina
846.jpg,Flood,Tuticorin Coast,Roads flooded around Tuticorin Coast due to rising sea levels
847.jpg,Flood,Chennai Marina,Seawater entered houses near Chennai Marina after heavy rainfall
848.jpg,Storm_Surge,Tuticorin Coast,Strong winds pushing seawater inland near Tuticorin Coast
849.jpg,Storm_Surge,Nagapattinam,"Cyclone impact causing storm surge at Nagapattinam, water levels rising fast"
850.jpg,Abnormal_Tide,Andaman Islands,Sea level behaving abnormally at Andaman Islands
851.jpg,Flood,Marina beach Chennai,Shops and houses submerged in water near Marina beach Chennai
852.jpg,no_hazard,Nicobar Islands,"Sunny weather at Nicobar Islands, peaceful situation"
853.jpg,Storm_Surge,Kolkata Coast,"Cyclone impact causing storm surge at Kolkata Coast, water levels rising fast"
854.jpg,no_hazard,Marina beach Chennai,"A calm evening at Marina beach Chennai, no hazard observed"
855.jpg,Abnormal_Tide,Marina beach Chennai,Sudden drop and rise in tides noticed at Marina beach Chennai
856.jpg,Flood,Goa Beach,Flooding reported in low lying areas of Goa Beach
857.jpg,Tsunami,Visakhapatnam,Tsunami warning issued after unusual waves at Visakhapatnam
858.jpg,Tsunami,Lakshadweep Islands,Tsunami warning issued after unusual waves at Lakshadweep Islands
859.jpg,Flood,Mangalore Coast,Shops and houses submerged in water near Mangalore Coast
860.jpg,High_Waves,Chennai Marina,"Strong waves hitting the shore at Chennai Marina, people moving inland"
861.jpg,Tsunami,Mangalore Coast,Earthquake tremors followed by sea water rushing in at Mangalore Coast
862.jpg,High_Waves,Diu Beach,Unusually strong currents observed at Diu Beach
863.jpg,no_hazard,Pondicherry Beach,"Fishing boats operating safely at Pondicherry Beach, no hazard reported"
864.jpg,Flood,Tuticorin Coast,Roads flooded around Tuticorin Coast due to rising sea levels
865.jpg,High_Waves,Goa Beach,"Huge waves crashing near Goa Beach, boats overturned"
866.jpg,Flood,Lakshadweep Islands,Flooding reported in low lying areas of Lakshadweep Islands
867.jpg,no_hazard,Nicobar Islands,"A calm evening at Nicobar Islands, no hazard observed"
868.jpg,Flood,Rameswaram Shore,Roads flooded around Rameswaram Shore due to rising sea levels
869.jpg,High_Waves,Kochi Harbor,"Huge waves crashing near Kochi Harbor, boats overturned"
870.jpg,Tsunami,Mangalore Coast,People evacuating Mangalore Coast due to tsunami threat
871.jpg,Abnormal_Tide,Kochi Harbor,Unusual tide patterns observed at Kochi Harbor
872.jpg,High_Waves,Goa Beach,Unusually strong currents observed at Goa Beach
873.jpg,Storm_Surge,Odisha Coast,Strong winds pushing seawater inland near Odisha Coast
874.jpg,Abnormal_Tide,Diu Beach,Unusual tide patterns observed at Diu Beach
875.jpg,High_Waves,Kanyakumari Beach,"Strong waves hitting the shore at Kanyakumari Beach, people moving inland"
876.jpg,Tsunami,Nagapattinam,Earthquake tremors followed by sea water rushing in at Nagapattinam
877.jpg,Flood,Mangalore Coast,Shops and houses submerged in water near Mangalore Coast
878.jpg,High_Waves,Andaman Islands,Unusually strong currents observed at Andaman Islands
879.jpg,Abnormal_Tide,Pondicherry Beach,Sea level behaving abnormally at Pondicherry Beach
880.jpg,Abnormal_Tide,Rameswaram Shore,Fishermen report unusual tidal activity near Rameswaram Shore
881.jpg,Flood,Goa Beach,Seawater entered houses near Goa Beach after heavy rainfall
882.jpg,High_Waves,Kochi Harbor,"Huge waves crashing near Kochi Harbor, boats overturned"
883.jpg,Storm_Surge,Rameswaram Shore,Waves reaching inland houses near Rameswaram Shore due to cyclone surge
884.jpg,Abnormal_Tide,Mumbai Coast,Sea level behaving abnormally at Mumbai Coast
885.jpg,Abnormal_Tide,Pondicherry Beach,Sea level behaving abnormally at Pondicherry Beach
886.jpg,Storm_Surge,Mangalore Coast,Waves reaching inland houses near Mangalore Coast due to cyclone surge
887.jpg,Abnormal_Tide,Diu Beach,Unusual tide patterns observed at Diu Beach
888.jpg,Flood,Nagapattinam,Seawater entered houses near Nagapattinam after heavy rainfall
889.jpg,Flood,Kochi Harbor,Roads flooded around Kochi Harbor due to rising sea levels
890.jpg,Abnormal_Tide,Chennai Marina,Sudden drop and rise in tides noticed at Chennai Marina
891.jpg,Abnormal_Tide,Goa Beach,Sudden drop and rise in tides noticed at Goa Beach
892.jpg,no_hazard,Kanyakumari Beach,"A calm evening at Kanyakumari Beach, no hazard observed"
893.jpg,Storm_Surge,Lakshadweep Islands,"Cyclone impact causing storm surge at Lakshadweep Islands, water levels rising fast"
894.jpg,Tsunami,Nicobar Islands,People evacuating Nicobar Islands due to tsunami threat
895.jpg,Storm_Surge,Mumbai Coast,"Dangerous storm surge observed at Mumbai Coast, authorities alerted"
896.jpg,Storm_Surge,Kochi Harbor,"Dangerous storm surge observed at Kochi Harbor, authorities alerted"
897.jpg,no_hazard,Tuticorin Coast,"Fishing boats operating safely at Tuticorin Coast, no hazard reported"
898.jpg,Tsunami,Nicobar Islands,Earthquake tremors followed by sea water rushing in at Nicobar Islands
899.jpg,Flood,Mangalore Coast,Flooding reported in low lying areas of Mangalore Coast
900.jpg,Storm_Surge,Kovalam Beach Kerala,Waves reaching inland houses near Kovalam Beach Kerala due to cyclone surge
901.jpg,no_hazard,Lakshadweep Islands,"Sunny weather at Lakshadweep Islands, peaceful situation"
902.jpg,Tsunami,Kovalam Beach Kerala,Tsunami warning issued after unusual waves at Kovalam Beach Kerala
903.jpg,Abnormal_Tide,Mangalore Coast,Sea level behaving abnormally at Mangalore Coast
904.jpg,Abnormal_Tide,Kovalam Beach Kerala,Unusual tide patterns observed at Kovalam Beach Kerala
905.jpg,Tsunami,Nicobar Islands,Tsunami warning issued after unusual waves at Nicobar Islands
906.jpg,Tsunami,Puri Beach,Tsunami warning issued after unusual waves at Puri Beach
907.jpg,Storm_Surge,Nicobar Islands,Strong winds pushing seawater inland near Nicobar Islands
908.jpg,High_Waves,Kochi Harbor,"Huge waves crashing near Kochi Harbor, boats overturned"
909.jpg,Abnormal_Tide,Mangalore Coast,Sudden drop and rise in tides noticed at Mangalore Coast
910.jpg,Flood,Tuticorin Coast,Roads flooded around Tuticorin Coast due to rising sea levels
911.jpg,Flood,Kanyakumari Beach,Shops and houses submerged in water near Kanyakumari Beach
912.jpg,no_hazard,Nicobar Islands,"A calm evening at Nicobar Islands, no hazard observed"
913.jpg,no_hazard,Kolkata Coast,"A calm evening at Kolkata Coast, no hazard observed"
914.jpg,High_Waves,Diu Beach,"Huge waves crashing near Diu Beach, boats overturned"
915.jpg,High_Waves,Goa Beach,High tides making fishing risky at Goa Beach
916.jpg,High_Waves,Puri Beach,Unusually strong currents observed at Puri Beach
917.jpg,Flood,Nicobar Islands,Seawater entered houses near Nicobar Islands after heavy rainfall
918.jpg,no_hazard,Odisha Coast,"Sunny weather at Odisha Coast, peaceful situation"
919.jpg,Abnormal_Tide,Kolkata Coast,Sea level behaving abnormally at Kolkata Coast
920.jpg,Flood,Mangalore Coast,Flooding reported in low lying areas of Mangalore Coast
921.jpg,Storm_Surge,Kolkata Coast,"Dangerous storm surge observed at Kolkata Coast, authorities alerted"
922.jpg,High_Waves,Mumbai Coast,"Huge waves crashing near Mumbai Coast, boats overturned"
923.jpg,Storm_Surge,Chennai Marina,Strong winds pushing seawater inland near Chennai Marina
924.jpg,Flood,Goa Beach,Flooding reported in low lying areas of Goa Beach
925.jpg,Storm_Surge,Mumbai Coast,"Cyclone impact causing storm surge at Mumbai Coast, water levels rising fast"
926.jpg,Abnormal_Tide,Chennai Marina,Unusual tide patterns observed at Chennai Marina
927.jpg,Flood,Marina beach Chennai,Roads flooded around Marina beach Chennai due to rising sea levels
928.jpg,Flood,Kochi Harbor,Roads flooded around Kochi Harbor due to rising sea levels
929.jpg,Flood,Nagapattinam,Flooding reported in low lying areas of Nagapattinam
930.jpg,Abnormal_Tide,Nicobar Islands,Sudden drop and rise in tides noticed at Nicobar Islands
931.jpg,High_Waves,Kovalam Beach Kerala,"Strong waves hitting the shore at Kovalam Beach Kerala, people moving inland"
932.jpg,Tsunami,Nagapattinam,People evacuating Nagapattinam due to tsunami threat
933.jpg,Tsunami,Kanyakumari Beach,People evacuating Kanyakumari Beach due to tsunami threat
934.jpg,Tsunami,Visakhapatnam,Tsunami warning issued after unusual waves at Visakhapatnam
935.jpg,High_Waves,Diu Beach,"Huge waves crashing near Diu Beach, boats overturned"
936.jpg,no_hazard,Goa Beach,"A calm evening at Goa Beach, no hazard observed"
937.jpg,no_hazard,Mangalore Coast,"A calm evening at Mangalore Coast, no hazard observed"
938.jpg,no_hazard,Odisha Coast,"Sunny weather at Odisha Coast, peaceful situation"
939.jpg,no_hazard,Nagapattinam,"A calm evening at Nagapattinam, no hazard observed"
940.jpg,Storm_Surge,Marina beach Chennai,"Cyclone impact causing storm surge at Marina beach Chennai, water levels rising fast"
941.jpg,High_Waves,Nicobar Islands,"Strong waves hitting the shore at Nicobar Islands, people moving inland"
942.jpg,Tsunami,Nicobar Islands,"Sudden rise of sea water near Nicobar Islands, tsunami suspected"
943.jpg,Tsunami,Diu Beach,Tsunami warning issued after unusual waves at Diu Beach
944.jpg,High_Waves,Odisha Coast,"Huge waves crashing near Odisha Coast, boats overturned"
945.jpg,no_hazard,Nagapattinam,"Fishing boats operating safely at Nagapattinam, no hazard reported"
946.jpg,Tsunami,Kanyakumari Beach,People evacuating Kanyakumari Beach due to tsunami threat
947.jpg,Storm_Surge,Kanyakumari Beach,"Dangerous storm surge observed at Kanyakumari Beach, authorities alerted"
948.jpg,Tsunami,Kochi Harbor,People evacuating Kochi Harbor due to tsunami threat
949.jpg,Tsunami,Rameswaram Shore,Earthquake tremors followed by sea water rushing in at Rameswaram Shore
950.jpg,Abnormal_Tide,Marina beach Chennai,Unusual tide patterns observed at Marina beach Chennai
951.jpg,High_Waves,Andaman Islands,Unusually strong currents observed at Andaman Islands
952.jpg,no_hazard,Mumbai Coast,"Sunny weather at Mumbai Coast, peaceful situation"
953.jpg,no_hazard,Andaman Islands,"Tourists enjoying the beach at Andaman Islands, everything normal"
954.jpg,Flood,Kovalam Beach Kerala,Shops and houses submerged in water near Kovalam Beach Kerala
955.jpg,High_Waves,Rameswaram Shore,Unusually strong currents observed at Rameswaram Shore
956.jpg,Tsunami,Diu Beach,Earthquake tremors followed by sea water rushing in at Diu Beach
957.jpg,Flood,Kovalam Beach Kerala,Shops and houses submerged in water near Kovalam Beach Kerala
958.jpg,Storm_Surge,Puri Beach,"Dangerous storm surge observed at Puri Beach, authorities alerted"
959.jpg,Abnormal_Tide,Lakshadweep Islands,Fishermen report unusual tidal activity near Lakshadweep Islands
960.jpg,Flood,Goa Beach,Seawater entered houses near Goa Beach after heavy rainfall
961.jpg,Storm_Surge,Nagapattinam,Strong winds pushing seawater inland near Nagapattinam
962.jpg,Tsunami,Mumbai Coast,People evacuating Mumbai Coast due to tsunami threat
963.jpg,Tsunami,Odisha Coast,People evacuating Odisha Coast due to tsunami threat
964.jpg,Tsunami,Lakshadweep Islands,Tsunami warning issued after unusual waves at Lakshadweep Islands
965.jpg,Tsunami,Chennai Marina,"Sudden rise of sea water near Chennai Marina, tsunami suspected"
966.jpg,Storm_Surge,Marina beach Chennai,Waves reaching inland houses near Marina beach Chennai due to cyclone surge
967.jpg,Tsunami,Mangalore Coast,"Sudden rise of sea water near Mangalore Coast, tsunami suspected"
968.jpg,Flood,Kolkata Coast,Seawater entered houses near Kolkata Coast after heavy rainfall
969.jpg,Abnormal_Tide,Marina beach Chennai,Sea level behaving abnormally at Marina beach Chennai
970.jpg,High_Waves,Diu Beach,Unusually strong currents observed at Diu Beach
971.jpg,Flood,Nagapattinam,Seawater entered houses near Nagapattinam after heavy rainfall
972.jpg,Storm_Surge,Kochi Harbor,Waves reaching inland houses near Kochi Harbor due to cyclone surge
973.jpg,High_Waves,Kolkata Coast,Unusually strong currents observed at Kolkata Coast
974.jpg,Flood,Andaman Islands,Flooding reported in low lying areas of Andaman Islands
975.jpg,Tsunami,Diu Beach,People evacuating Diu Beach due to tsunami threat
976.jpg,Flood,Marina beach Chennai,Flooding reported in low lying areas of Marina beach Chennai
977.jpg,High_Waves,Tuticorin Coast,High tides making fishing risky at Tuticorin Coast
978.jpg,Flood,Mumbai Coast,Seawater entered houses near Mumbai Coast after heavy rainfall
979.jpg,Tsunami,Goa Beach,Tsunami warning issued after unusual waves at Goa Beach
980.jpg,Flood,Nagapattinam,Flooding reported in low lying areas of Nagapattinam
981.jpg,High_Waves,Kochi Harbor,"Huge waves crashing near Kochi Harbor, boats overturned"
982.jpg,Flood,Kovalam Beach Kerala,Flooding reported in low lying areas of Kovalam Beach Kerala
983.jpg,Abnormal_Tide,Lakshadweep Islands,Unusual tide patterns observed at Lakshadweep Islands
984.jpg,Abnormal_Tide,Nicobar Islands,Sea level behaving abnormally at Nicobar Islands
985.jpg,no_hazard,Chennai Marina,"A calm evening at Chennai Marina, no hazard observed"
986.jpg,Tsunami,Kochi Harbor,"Sudden rise of sea water near Kochi Harbor, tsunami suspected"
987.jpg,Tsunami,Chennai Marina,Earthquake tremors followed by sea water rushing in at Chennai Marina
988.jpg,Tsunami,Nicobar Islands,Tsunami warning issued after unusual waves at Nicobar Islands
989.jpg,Storm_Surge,Kochi Harbor,Waves reaching inland houses near Kochi Harbor due to cyclone surge
990.jpg,Abnormal_Tide,Kovalam Beach Kerala,Fishermen report unusual tidal activity near Kovalam Beach Kerala
991.jpg,Abnormal_Tide,Nicobar Islands,Unusual tide patterns observed at Nicobar Islands
992.jpg,Tsunami,Marina beach Chennai,"Sudden rise of sea water near Marina beach Chennai, tsunami suspected"
993.jpg,High_Waves,Andaman Islands,High tides making fishing risky at Andaman Islands
994.jpg,Flood,Pondicherry Beach,Flooding reported in low lying areas of Pondicherry Beach
995.jpg,no_hazard,Kanyakumari Beach,"Sunny weather at Kanyakumari Beach, peaceful situation"
996.jpg,High_Waves,Visakhapatnam,Unusually strong currents observed at Visakhapatnam
997.jpg,Flood,Nagapattinam,Shops and houses submerged in water near Nagapattinam
998.jpg,High_Waves,Kolkata Coast,"Huge waves crashing near Kolkata Coast, boats overturned"
999.jpg,High_Waves,Puri Beach,High tides making fishing risky at Puri Beach
1000.jpg,Tsunami,Andaman Islands,People evacuating Andaman Islands due to tsunami threat
1001.jpg,High_Waves,Chennai Marina,Unusually strong currents observed at Chennai Marina
1002.jpg,Abnormal_Tide,Pondicherry Beach,Unusual tide patterns observed at Pondicherry Beach
1003.jpg,High_Waves,Puri Beach,Unusually strong currents observed at Puri Beach
1004.jpg,High_Waves,Diu Beach,"Huge waves crashing near Diu Beach, boats overturned"
1005.jpg,Flood,Kochi Harbor,Shops and houses submerged in water near Kochi Harbor
1006.jpg,Flood,Nagapattinam,Roads flooded around Nagapattinam due to rising sea levels
1007.jpg,High_Waves,Pondicherry Beach,Unusually strong currents observed at Pondicherry Beach
1008.jpg,Tsunami,Kolkata Coast,Tsunami warning issued after unusual waves at Kolkata Coast
1009.jpg,Tsunami,Mumbai Coast,Tsunami warning issued after unusual waves at Mumbai Coast
1010.jpg,Tsunami,Mangalore Coast,Tsunami warning issued after unusual waves at Mangalore Coast
1011.jpg,no_hazard,Kolkata Coast,"Sunny weather at Kolkata Coast, peaceful situation"
1012.jpg,Abnormal_Tide,Kochi Harbor,Unusual tide patterns observed at Kochi Harbor
1013.jpg,no_hazard,Tuticorin Coast,"Sunny weather at Tuticorin Coast, peaceful situation"
1014.jpg,Tsunami,Kanyakumari Beach,People evacuating Kanyakumari Beach due to tsunami threat
1015.jpg,Flood,Nagapattinam,Roads flooded around Nagapattinam due to rising sea levels
1016.jpg,Tsunami,Kolkata Coast,"Sudden rise of sea water near Kolkata Coast, tsunami suspected"
1017.jpg,Flood,Mumbai Coast,Roads flooded around Mumbai Coast due to rising sea levels
1018.jpg,High_Waves,Visakhapatnam,"Strong waves hitting the shore at Visakhapatnam, people moving inland"
1019.jpg,Storm_Surge,Lakshadweep Islands,"Dangerous storm surge observed at Lakshadweep Islands, authorities alerted"
1020.jpg,Tsunami,Lakshadweep Islands,People evacuating Lakshadweep Islands due to tsunami threat
1021.jpg,Tsunami,Lakshadweep Islands,Earthquake tremors followed by sea water rushing in at Lakshadweep Islands
1022.jpg,Flood,Nicobar Islands,Roads flooded around Nicobar Islands due to rising sea levels
1023.jpg,Tsunami,Tuticorin Coast,People evacuating Tuticorin Coast due to tsunami threat
1024.jpg,Storm_Surge,Tuticorin Coast,Waves reaching inland houses near Tuticorin Coast due to cyclone surge
1025.jpg,Storm_Surge,Marina beach Chennai,"Dangerous storm surge observed at Marina beach Chennai, authorities alerted"
1026.jpg,Storm_Surge,Kovalam Beach Kerala,"Dangerous storm surge observed at Kovalam Beach Kerala, authorities alerted"
1027.jpg,Abnormal_Tide,Rameswaram Shore,Fishermen report unusual tidal activity near Rameswaram Shore
1028.jpg,Abnormal_Tide,Mangalore Coast,Unusual tide patterns observed at Mangalore Coast
1029.jpg,Storm_Surge,Rameswaram Shore,Waves reaching inland houses near Rameswaram Shore due to cyclone surge
1030.jpg,High_Waves,Mumbai Coast,"Strong waves hitting the shore at Mumbai Coast, people moving inland"
1031.jpg,High_Waves,Kovalam Beach Kerala,"Huge waves crashing near Kovalam Beach Kerala, boats overturned"
1032.jpg,Abnormal_Tide,Kolkata Coast,Fishermen report unusual tidal activity near Kolkata Coast
1033.jpg,High_Waves,Andaman Islands,Unusually strong currents observed at Andaman Islands
1034.jpg,no_hazard,Mumbai Coast,"Tourists enjoying the beach at Mumbai Coast, everything normal"
1035.jpg,Storm_Surge,Andaman Islands,"Dangerous storm surge observed at Andaman Islands, authorities alerted"
1036.jpg,High_Waves,Andaman Islands,"Huge waves crashing near Andaman Islands, boats overturned"
1037.jpg,Tsunami,Kovalam Beach Kerala,Tsunami warning issued after unusual waves at Kovalam Beach Kerala
1038.jpg,Abnormal_Tide,Rameswaram Shore,Sudden drop and rise in tides noticed at Rameswaram Shore
1039.jpg,no_hazard,Kolkata Coast,"Sunny weather at Kolkata Coast, peaceful situation"
1040.jpg,Flood,Visakhapatnam,Flooding reported in low lying areas of Visakhapatnam
1041.jpg,Flood,Nagapattinam,Shops and houses submerged in water near Nagapattinam
1042.jpg,no_hazard,Nicobar Islands,"Fishing boats operating safely at Nicobar Islands, no hazard reported"
1043.jpg,Flood,Visakhapatnam,Flooding reported in low lying areas of Visakhapatnam
1044.jpg,Flood,Tuticorin Coast,Seawater entered houses near Tuticorin Coast after heavy rainfall
1045.jpg,Storm_Surge,Kolkata Coast,"Dangerous storm surge observed at Kolkata Coast, authorities alerted"
1046.jpg,Storm_Surge,Goa Beach,"Dangerous storm surge observed at Goa Beach, authorities alerted"
1047.jpg,Flood,Puri Beach,Roads flooded around Puri Beach due to rising sea levels
1048.jpg,Flood,Tuticorin Coast,Shops and houses submerged in water near Tuticorin Coast
1049.jpg,no_hazard,Mumbai Coast,"A calm evening at Mumbai Coast, no hazard observed"
1050.jpg,Storm_Surge,Pondicherry Beach,Waves reaching inland houses near Pondicherry Beach due to cyclone surge
1051.jpg,High_Waves,Mangalore Coast,"Huge waves crashing near Mangalore Coast, boats overturned"
1052.jpg,Storm_Surge,Kanyakumari Beach,Waves reaching inland houses near Kanyakumari Beach due to cyclone surge
1053.jpg,High_Waves,Mangalore Coast,"Huge waves crashing near Mangalore Coast, boats overturned"
1054.jpg,High_Waves,Pondicherry Beach,"Strong waves hitting the shore at Pondicherry Beach, people moving inland"
1055.jpg,High_Waves,Lakshadweep Islands,"Strong waves hitting the shore at Lakshadweep Islands, people moving inland"
1056.jpg,Tsunami,Puri Beach,"Sudden rise of sea water near Puri Beach, tsunami suspected"
1057.jpg,High_Waves,Andaman Islands,High tides making fishing risky at Andaman Islands
1058.jpg,High_Waves,Odisha Coast,High tides making fishing risky at Odisha Coast
1059.jpg,High_Waves,Pondicherry Beach,High tides making fishing risky at Pondicherry Beach
1060.jpg,Flood,Goa Beach,Flooding reported in low lying areas of Goa Beach
1061.jpg,Abnormal_Tide,Tuticorin Coast,Fishermen report unusual tidal activity near Tuticorin Coast
1062.jpg,Flood,Kovalam Beach Kerala,Roads flooded around Kovalam Beach Kerala due to rising sea levels
1063.jpg,Storm_Surge,Visakhapatnam,Waves reaching inland houses near Visakhapatnam due to cyclone surge
1064.jpg,no_hazard,Nagapattinam,"A calm evening at Nagapattinam, no hazard observed"
1065.jpg,Tsunami,Kochi Harbor,Earthquake tremors followed by sea water rushing in at Kochi Harbor
1066.jpg,High_Waves,Tuticorin Coast,"Huge waves crashing near Tuticorin Coast, boats overturned"
1067.jpg,Flood,Andaman Islands,Seawater entered houses near Andaman Islands after heavy rainfall
1068.jpg,no_hazard,Mumbai Coast,"Sunny weather at Mumbai Coast, peaceful situation"
1069.jpg,Flood,Pondicherry Beach,Seawater entered houses near Pondicherry Beach after heavy rainfall
1070.jpg,Abnormal_Tide,Mumbai Coast,Sea level behaving abnormally at Mumbai Coast
1071.jpg,Tsunami,Odisha Coast,"Sudden rise of sea water near Odisha Coast, tsunami suspected"
1072.jpg,High_Waves,Pondicherry Beach,Unusually strong currents observed at Pondicherry Beach
1073.jpg,Storm_Surge,Kochi Harbor,Strong winds pushing seawater inland near Kochi Harbor
1074.jpg,Flood,Visakhapatnam,Seawater entered houses near Visakhapatnam after heavy rainfall
1075.jpg,Abnormal_Tide,Rameswaram Shore,Sudden drop and rise in tides noticed at Rameswaram Shore
1076.jpg,High_Waves,Kolkata Coast,High tides making fishing risky at Kolkata Coast
1077.jpg,High_Waves,Tuticorin Coast,Unusually strong currents observed at Tuticorin Coast
1078.jpg,Flood,Tuticorin Coast,Flooding reported in low lying areas of Tuticorin Coast
1079.jpg,Abnormal_Tide,Kovalam Beach Kerala,Sudden drop and rise in tides noticed at Kovalam Beach Kerala
1080.jpg,Storm_Surge,Puri Beach,Strong winds pushing seawater inland near Puri Beach
1081.jpg,no_hazard,Pondicherry Beach,"Tourists enjoying the beach at Pondicherry Beach, everything normal"
1082.jpg,Tsunami,Puri Beach,Earthquake tremors followed by sea water rushing in at Puri Beach
1083.jpg,Tsunami,Marina beach Chennai,"Sudden rise of sea water near Marina beach Chennai, tsunami suspected"
1084.jpg,Tsunami,Kolkata Coast,Earthquake tremors followed by sea water rushing in at Kolkata Coast
1085.jpg,Storm_Surge,Kolkata Coast,Strong winds pushing seawater inland near Kolkata Coast
1086.jpg,Storm_Surge,Lakshadweep Islands,"Cyclone impact causing storm surge at Lakshadweep Islands, water levels rising fast"
1087.jpg,no_hazard,Andaman Islands,"Tourists enjoying the beach at Andaman Islands, everything normal"
1088.jpg,Abnormal_Tide,Kolkata Coast,Fishermen report unusual tidal activity near Kolkata Coast
1089.jpg,High_Waves,Andaman Islands,Unusually strong currents observed at Andaman Islands
1090.jpg,Flood,Chennai Marina,Seawater entered houses near Chennai Marina after heavy rainfall
1091.jpg,Storm_Surge,Mumbai Coast,Strong winds pushing seawater inland near Mumbai Coast
1092.jpg,Flood,Kovalam Beach Kerala,Roads flooded around Kovalam Beach Kerala due to rising sea levels
1093.jpg,Tsunami,Tuticorin Coast,Tsunami warning issued after unusual waves at Tuticorin Coast
1094.jpg,Abnormal_Tide,Goa Beach,Sudden drop and rise in tides noticed at Goa Beach
1095.jpg,no_hazard,Diu Beach,"Sunny weather at Diu Beach, peaceful situation"
1096.jpg,Tsunami,Nagapattinam,Earthquake tremors followed by sea water rushing in at Nagapattinam
1097.jpg,Tsunami,Rameswaram Shore,Tsunami warning issued after unusual waves at Rameswaram Shore
1098.jpg,Abnormal_Tide,Nagapattinam,Sudden drop and rise in tides noticed at Nagapattinam
1099.jpg,Abnormal_Tide,Kochi Harbor,Fishermen report unusual tidal activity near Kochi Harbor
1100.jpg,Flood,Nicobar Islands,Roads flooded around Nicobar Islands due to rising sea levels
1101.jpg,Flood,Chennai Marina,Seawater entered houses near Chennai Marina after heavy rainfall
1102.jpg,Abnormal_Tide,Odisha Coast,Fishermen report unusual tidal activity near Odisha Coast
1103.jpg,Abnormal_Tide,Visakhapatnam,Sudden drop and rise in tides noticed at Visakhapatnam
1104.jpg,no_hazard,Diu Beach,"Fishing boats operating safely at Diu Beach, no hazard reported"
1105.jpg,Storm_Surge,Tuticorin Coast,"Dangerous storm surge observed at Tuticorin Coast, authorities alerted"
1106.jpg,Storm_Surge,Nagapattinam,"Cyclone impact causing storm surge at Nagapattinam, water levels rising fast"
1107.jpg,High_Waves,Tuticorin Coast,"Strong waves hitting the shore at Tuticorin Coast, people moving inland"
1108.jpg,no_hazard,Mangalore Coast,"A calm evening at Mangalore Coast, no hazard observed"
1109.jpg,Abnormal_Tide,Lakshadweep Islands,Unusual tide patterns observed at Lakshadweep Islands
1110.jpg,no_hazard,Lakshadweep Islands,"Tourists enjoying the beach at Lakshadweep Islands, everything normal"
1111.jpg,no_hazard,Tuticorin Coast,"A calm evening at Tuticorin Coast, no hazard observed"
1112.jpg,no_hazard,Andaman Islands,"Fishing boats operating safely at Andaman Islands, no hazard reported"
1113.jpg,Tsunami,Visakhapatnam,People evacuating Visakhapatnam due to tsunami threat
1114.jpg,Storm_Surge,Puri Beach,"Cyclone impact causing storm surge at Puri Beach, water levels rising fast"
1115.jpg,Storm_Surge,Andaman Islands,Waves reaching inland houses near Andaman Islands due to cyclone surge
1116.jpg,Flood,Nicobar Islands,Flooding reported in low lying areas of Nicobar Islands
1117.jpg,High_Waves,Lakshadweep Islands,High tides making fishing risky at Lakshadweep Islands
1118.jpg,Storm_Surge,Visakhapatnam,Strong winds pushing seawater inland near Visakhapatnam
1119.jpg,Storm_Surge,Andaman Islands,Strong winds pushing seawater inland near Andaman Islands
1120.jpg,no_hazard,Marina beach Chennai,"Fishing boats operating safely at Marina beach Chennai, no hazard reported"
1121.jpg,no_hazard,Nagapattinam,"Tourists enjoying the beach at Nagapattinam, everything normal"
1122.jpg,no_hazard,Kolkata Coast,"A calm evening at Kolkata Coast, no hazard observed"
1123.jpg,no_hazard,Tuticorin Coast,"A calm evening at Tuticorin Coast, no hazard observed"
1124.jpg,Flood,Diu Beach,Seawater entered houses near Diu Beach after heavy rainfall
1125.jpg,High_Waves,Kochi Harbor,Unusually strong currents observed at Kochi Harbor
1126.jpg,Flood,Nicobar Islands,Flooding reported in low lying areas of Nicobar Islands
1127.jpg,no_hazard,Lakshadweep Islands,"A calm evening at Lakshadweep Islands, no hazard observed"
1128.jpg,Abnormal_Tide,Mangalore Coast,Fishermen report unusual tidal activity near Mangalore Coast
1129.jpg,Flood,Andaman Islands,Roads flooded around Andaman Islands due to rising sea levels
1130.jpg,Tsunami,Puri Beach,"Sudden rise of sea water near Puri Beach, tsunami suspected"
1131.jpg,Tsunami,Kochi Harbor,Earthquake tremors followed by sea water rushing in at Kochi Harbor
1132.jpg,Flood,Kanyakumari Beach,Roads flooded around Kanyakumari Beach due to rising sea levels
1133.jpg,Storm_Surge,Goa Beach,Strong winds pushing seawater inland near Goa Beach
1134.jpg,Flood,Visakhapatnam,Roads flooded around Visakhapatnam due to rising sea levels
1135.jpg,Storm_Surge,Goa Beach,Waves reaching inland houses near Goa Beach due to cyclone surge
1136.jpg,Flood,Andaman Islands,Flooding reported in low lying areas of Andaman Islands
1137.jpg,Storm_Surge,Odisha Coast,"Dangerous storm surge observed at Odisha Coast, authorities alerted"
1138.jpg,Tsunami,Nicobar Islands,Tsunami warning issued after unusual waves at Nicobar Islands
1139.jpg,Tsunami,Goa Beach,Tsunami warning issued after unusual waves at Goa Beach
1140.jpg,Storm_Surge,Andaman Islands,Strong winds pushing seawater inland near Andaman Islands
1141.jpg,Flood,Kolkata Coast,Shops and houses submerged in water near Kolkata Coast
1142.jpg,High_Waves,Visakhapatnam,High tides making fishing risky at Visakhapatnam
1143.jpg,High_Waves,Visakhapatnam,Unusually strong currents observed at Visakhapatnam
1144.jpg,Flood,Kolkata Coast,Flooding reported in low lying areas of Kolkata Coast
1145.jpg,High_Waves,Kochi Harbor,Unusually strong currents observed at Kochi Harbor
1146.jpg,Flood,Puri Beach,Shops and houses submerged in water near Puri Beach
1147.jpg,Storm_Surge,Visakhapatnam,"Cyclone impact causing storm surge at Visakhapatnam, water levels rising fast"
1148.jpg,Flood,Kochi Harbor,Roads flooded around Kochi Harbor due to rising sea levels
1149.jpg,Tsunami,Chennai Marina,Earthquake tremors followed by sea water rushing in at Chennai Marina
1150.jpg,Abnormal_Tide,Kanyakumari Beach,Sea level behaving abnormally at Kanyakumari Beach
1151.jpg,Storm_Surge,Diu Beach,"Dangerous storm surge observed at Diu Beach, authorities alerted"
1152.jpg,Flood,Tuticorin Coast,Roads flooded around Tuticorin Coast due to rising sea levels
1153.jpg,High_Waves,Chennai Marina,"Strong waves hitting the shore at Chennai Marina, people moving inland"
1154.jpg,High_Waves,Kanyakumari Beach,Unusually strong currents observed at Kanyakumari Beach
1155.jpg,Storm_Surge,Lakshadweep Islands,"Dangerous storm surge observed at Lakshadweep Islands, authorities alerted"
1156.jpg,Abnormal_Tide,Mumbai Coast,Sudden drop and rise in tides noticed at Mumbai Coast
1157.jpg,Storm_Surge,Kolkata Coast,Strong winds pushing seawater inland near Kolkata Coast
1158.jpg,Flood,Marina beach Chennai,Flooding reported in low lying areas of Marina beach Chennai
1159.jpg,High_Waves,Diu Beach,"Huge waves crashing near Diu Beach, boats overturned"
1160.jpg,Tsunami,Diu Beach,"Sudden rise of sea water near Diu Beach, tsunami suspected"
1161.jpg,Abnormal_Tide,Goa Beach,Fishermen report unusual tidal activity near Goa Beach
1162.jpg,Flood,Rameswaram Shore,Roads flooded around Rameswaram Shore due to rising sea levels
1163.jpg,High_Waves,Kovalam Beach Kerala,"Strong waves hitting the shore at Kovalam Beach Kerala, people moving inland"
1164.jpg,Tsunami,Kochi Harbor,Earthquake tremors followed by sea water rushing in at Kochi Harbor
1165.jpg,Flood,Tuticorin Coast,Roads flooded around Tuticorin Coast due to rising sea levels
1166.jpg,Abnormal_Tide,Goa Beach,Sea level behaving abnormally at Goa Beach
1167.jpg,Storm_Surge,Lakshadweep Islands,"Dangerous storm surge observed at Lakshadweep Islands, authorities alerted"
1168.jpg,Flood,Kovalam Beach Kerala,Roads flooded around Kovalam Beach Kerala due to rising sea levels
1169.jpg,High_Waves,Kanyakumari Beach,"Strong waves hitting the shore at Kanyakumari Beach, people moving inland"
1170.jpg,High_Waves,Mangalore Coast,Unusually strong currents observed at Mangalore Coast
1171.jpg,Flood,Chennai Marina,Seawater entered houses near Chennai Marina after heavy rainfall
1172.jpg,Storm_Surge,Marina beach Chennai,Waves reaching inland houses near Marina beach Chennai due to cyclone surge
1173.jpg,Flood,Kanyakumari Beach,Seawater entered houses near Kanyakumari Beach after heavy rainfall
1174.jpg,Tsunami,Mumbai Coast,"Sudden rise of sea water near Mumbai Coast, tsunami suspected"
1175.jpg,Flood,Rameswaram Shore,Seawater entered houses near Rameswaram Shore after heavy rainfall
1176.jpg,Storm_Surge,Andaman Islands,"Cyclone impact causing storm surge at Andaman Islands, water levels rising fast"
1177.jpg,Tsunami,Pondicherry Beach,"Sudden rise of sea water near Pondicherry Beach, tsunami suspected"
1178.jpg,Storm_Surge,Kochi Harbor,Strong winds pushing seawater inland near Kochi Harbor
1179.jpg,High_Waves,Kochi Harbor,Unusually strong currents observed at Kochi Harbor
1180.jpg,Flood,Nagapattinam,Flooding reported in low lying areas of Nagapattinam
1181.jpg,Storm_Surge,Lakshadweep Islands,Waves reaching inland houses near Lakshadweep Islands due to cyclone surge
1182.jpg,no_hazard,Marina beach Chennai,"Tourists enjoying the beach at Marina beach Chennai, everything normal"
1183.jpg,Storm_Surge,Tuticorin Coast,"Cyclone impact causing storm surge at Tuticorin Coast, water levels rising fast"
1184.jpg,Storm_Surge,Kochi Harbor,"Dangerous storm surge observed at Kochi Harbor, authorities alerted"
1185.jpg,High_Waves,Marina beach Chennai,"Huge waves crashing near Marina beach Chennai, boats overturned"
1186.jpg,Flood,Kochi Harbor,Shops and houses submerged in water near Kochi Harbor
1187.jpg,High_Waves,Rameswaram Shore,"Strong waves hitting the shore at Rameswaram Shore, people moving inland"
1188.jpg,Storm_Surge,Andaman Islands,Strong winds pushing seawater inland near Andaman Islands
1189.jpg,High_Waves,Visakhapatnam,High tides making fishing risky at Visakhapatnam
1190.jpg,Tsunami,Mangalore Coast,Earthquake tremors followed by sea water rushing in at Mangalore Coast
1191.jpg,Tsunami,Goa Beach,People evacuating Goa Beach due to tsunami threat
1192.jpg,High_Waves,Mangalore Coast,High tides making fishing risky at Mangalore Coast
1193.jpg,no_hazard,Mumbai Coast,"Sunny weather at Mumbai Coast, peaceful situation"
1194.jpg,High_Waves,Visakhapatnam,High tides making fishing risky at Visakhapatnam
1195.jpg,no_hazard,Lakshadweep Islands,"Tourists enjoying the beach at Lakshadweep Islands, everything normal"
1196.jpg,Storm_Surge,Pondicherry Beach,"Cyclone impact causing storm surge at Pondicherry Beach, water levels rising fast"
1197.jpg,no_hazard,Nagapattinam,"Sunny weather at Nagapattinam, peaceful situation"
1198.jpg,Flood,Nicobar Islands,Roads flooded around Nicobar Islands due to rising sea levels
1199.jpg,High_Waves,Odisha Coast,"Huge waves crashing near Odisha Coast, boats overturned"
1200.jpg,High_Waves,Visakhapatnam,Unusually strong currents observed at Visakhapatnam
